Question ID,Category,Tag 1,Tag 2,Tag 3,Tag 4,Tag 5,Tag 6,Tag 7,Tag 8,Tag 9,Tag 10,Tag 11
13035d06-a388-4fce-af9d-72a60b89aeba,Autonomy and Independence,Scenario 2 aligns with personal values and lifestyle,Scenario 2 as a means to preserve human independence,Scenario 2 as a way to avoid monotony,Scenario 2 as a way to avoid traditional career constraints,Scenario 2 promotes individual autonomy and meaningful work,,,,,,
13035d06-a388-4fce-af9d-72a60b89aeba,Avoidance of Negative Outcomes,Concerns about corporate control in Scenario 1,Scenario 2 as a way to avoid AI dominance,Scenario 2 as a way to avoid economic instability,Scenario 2 as a way to avoid job loss,,,,,,,
13035d06-a388-4fce-af9d-72a60b89aeba,Career and Personal Growth,Scenario 2 as a way to enhance quality of life,Scenario 2 encourages innovation and personal growth,Scenario 2 offers more promising career prospects,,,,,,,,
13035d06-a388-4fce-af9d-72a60b89aeba,Creativity and Innovation,Preference for Scenario 2 due to creativity and flexibility,Scenario 2 as a way to focus on creative endeavors,Scenario 2 preserves human creativity,,,,,,,,
13035d06-a388-4fce-af9d-72a60b89aeba,Efficiency and Productivity,Scenario 2 increases global work efficiency,Scenario 2 reduces human error and increases efficiency,,,,,,,,,
13035d06-a388-4fce-af9d-72a60b89aeba,Human-AI Collaboration,Scenario 2 allows AI to handle routine tasks,Scenario 2 as a balance between AI and human tasks,Scenario 2 as a tool for human enhancement,Scenario 2 as a way to maintain human connection,Scenario 2 fosters human relations and collaboration,,,,,,
13035d06-a388-4fce-af9d-72a60b89aeba,Social Equality and Responsibility,Scenario 2 as a more responsible future,Scenario 2 as a utopian ideal,Scenario 2 as a way to avoid corporate dominance,Scenario 2 as a way to avoid inequality,Scenario 2 provides a less unequal society,Scenario 2 supports universal basic income and community support,,,,,
13035d06-a388-4fce-af9d-72a60b89aeba,Uncategorized,Other,,,,,,,,,,
13035d06-a388-4fce-af9d-72a60b89aeba,,Uninformative answer,,,,,,,,,,
33d71c79-81fb-430a-8dba-0709dd93f1cb,AI's Impact on Healthcare,AI as a tool for early detection and prevention of health issues,AI's potential to ease logistical burdens in healthcare,AI's potential to improve efficiency in healthcare,AI's potential to improve quality of life,AI's potential to reduce healthcare costs,AI's role in reducing caregiver burnout,AI's role in supporting healthcare professionals,Trust in AI for improving healthcare and reducing suffering,,,
33d71c79-81fb-430a-8dba-0709dd93f1cb,AI's Influence on Employment and Economy,Potential job displacement due to AI,,,,,,,,,,
33d71c79-81fb-430a-8dba-0709dd93f1cb,AI's Role in Emotional and Mental Health Support,AI's impact on mental health support,AI's role in facilitating end-of-life care,AI's role in providing companionship for the elderly,AI's role in suicide prevention,Preference for human interaction and emotional support,,,,,,
33d71c79-81fb-430a-8dba-0709dd93f1cb,Autonomy and Control in the Context of AI,AI as a support tool rather than a decision-maker,AI's potential to enhance decision-making processes,Desire for autonomy and control over personal decisions,,,,,,,,
33d71c79-81fb-430a-8dba-0709dd93f1cb,Cultural and Generational Perspectives on AI,AI's influence on community dynamics,Cultural and religious beliefs influencing AI acceptance,Generational differences in acceptance of AI,,,,,,,,
33d71c79-81fb-430a-8dba-0709dd93f1cb,Ethical and Societal Implications of AI,AI's impact on societal values and norms,AI's influence on traditional family roles,AI's role in data collection and analysis,Concerns about AI making life-and-death decisions,Concerns about AI's ethical implications,Concerns about AI's lack of empathy,,,,,
33d71c79-81fb-430a-8dba-0709dd93f1cb,Trust and Skepticism towards AI,Mixed feelings about AI based on personal experiences,Skepticism towards AI due to lack of understanding or fear,,,,,,,,,
33d71c79-81fb-430a-8dba-0709dd93f1cb,Uncategorized,Other,,,,,,,,,,
33d71c79-81fb-430a-8dba-0709dd93f1cb,,Uninformative answer,,,,,,,,,,
b665aaae-d02c-44f9-be26-70544d7beabe,Context-Specific Use,AI can be beneficial in professional or business settings.,AI should be used for routine or non-sensitive messages.,AI use should be limited to specific contexts or message types.,,,,,,,,
b665aaae-d02c-44f9-be26-70544d7beabe,Efficiency and Time-Saving,AI can save time and improve efficiency in communication.,,,,,,,,,,
b665aaae-d02c-44f9-be26-70544d7beabe,Human Interaction and Emotional Intelligence,AI can assist but should not fully automate personal communication.,AI should not be used for messages requiring personal touch or nuance.,AI should not be used for messages that could affect personal relationships.,AI should not replace human interaction or emotional intelligence.,,,,,,,
b665aaae-d02c-44f9-be26-70544d7beabe,Limitations and Risks of AI,AI lacks the ability to understand complex human emotions and contexts.,AI responses may lead to miscommunication or misunderstandings.,AI should not be used for all messages; some require human judgment.,AI should not be used for messages that could have legal implications.,AI should not be used for messages that could lead to unintended consequences.,AI should not be used for messages that could result in loss of trust or authenticity.,AI should not replace human decision-making in critical situations.,,,,
b665aaae-d02c-44f9-be26-70544d7beabe,Privacy and Autonomy,AI should not be used for messages that involve personal data or privacy concerns.,AI should not handle sensitive or personal messages.,AI should not interfere with privacy or personal autonomy.,,,,,,,,
b665aaae-d02c-44f9-be26-70544d7beabe,Transparency and Ethical Use,AI should not be used for messages that require ethical considerations.,AI should not be used without clear boundaries and guidelines.,AI should not impersonate humans in communication.,Transparency is important; recipients should know they are interacting with AI.,,,,,,,
b665aaae-d02c-44f9-be26-70544d7beabe,User Consent and Control,AI responses should be customizable and reviewable by users.,AI should not have full autonomy in communication.,AI should not make decisions for users without oversight.,User consent is crucial for AI to respond on behalf of users.,Users should have control and oversight over AI-generated messages.,,,,,,
b665aaae-d02c-44f9-be26-70544d7beabe,Uncategorized,Other,,,,,,,,,,
b665aaae-d02c-44f9-be26-70544d7beabe,,Uninformative answer,,,,,,,,,,
c3a096ad-6ca5-4365-97f8-c6e36071bc58,Consumer Focus,Scenario 1 preferred for consumer-focused decision-making,Scenario 1 preferred for its focus on consumer input,Scenario 1 preferred for its focus on user experience,,,,,,,,
c3a096ad-6ca5-4365-97f8-c6e36071bc58,Democracy and Ethics,Scenario 2 preferred for its potential to ensure ethical AI development,Scenario 2 preferred for its potential to reflect societal needs,Scenario 2 valued for democratic and ethical considerations,,,,,,,,
c3a096ad-6ca5-4365-97f8-c6e36071bc58,Diversity and Fairness,Scenario 2 preferred for allowing diverse opinions and voices,Scenario 2 preferred for its potential to ensure fairness,Scenario 2 seen as more human and fair,,,,,,,,
c3a096ad-6ca5-4365-97f8-c6e36071bc58,Inclusivity and Public Input,Preference for Scenario 2 due to inclusivity and public input,Scenario 2 preferred for its potential to include diverse perspectives,Scenario 2 preferred for its potential to include non-expert opinions,,,,,,,,
c3a096ad-6ca5-4365-97f8-c6e36071bc58,Regulation and Oversight,Scenario 1 preferred for its focus on expert oversight,Scenario 1 preferred for minimizing regulation and oversight,,,,,,,,,
c3a096ad-6ca5-4365-97f8-c6e36071bc58,Social Justice and Accountability,Scenario 2 preferred for its potential to prevent monopolies,Scenario 2 preferred for preventing corporate control,Scenario 2 preferred for promoting social justice and accountability,,,,,,,,
c3a096ad-6ca5-4365-97f8-c6e36071bc58,Stability and Tradition,Scenario 1 preferred for its focus on efficiency and stability,Scenario 1 preferred for its focus on minimizing external interference,Scenario 1 preferred for its simplicity and familiarity,Scenario 1 seen as less chaotic and more organized,Scenario 1 seen as more aligned with current practices,Scenario 1 seen as more traditional and stable,,,,,
c3a096ad-6ca5-4365-97f8-c6e36071bc58,Trust and Expertise,Preference for Scenario 1 due to trust in experts and efficiency,Scenario 1 preferred for its focus on professionalism and expertise,Scenario 1 seen as safer and more reliable,Scenario 2 preferred for its potential to enhance public trust,Uncertainty or lack of knowledge about neighbor's preference,,,,,,
c3a096ad-6ca5-4365-97f8-c6e36071bc58,Uncategorized,Other,,,,,,,,,,
c3a096ad-6ca5-4365-97f8-c6e36071bc58,,Uninformative answer,,,,,,,,,,
63a99154-3b0e-4375-aaa1-6665f699f6d6,AI's Role and Limitations,"AI as a tool, not a replacement",AI's inability to replicate human emotions,AI's limitations in understanding human emotions,AI's role in enhancing human life without replacing it,AI's role in supporting human decision-making,Boundaries for AI emotional capabilities,,,,,
63a99154-3b0e-4375-aaa1-6665f699f6d6,Cultural and Societal Impact,AI's impact on human reproduction and population,AI's influence on societal norms and values,AI's role in global cooperation and equality,AI's role in maintaining cultural diversity,Cultural and societal implications of AI,,,,,,
63a99154-3b0e-4375-aaa1-6665f699f6d6,Ethical and Societal Implications,AI's impact on human authenticity and uniqueness,AI's potential to manipulate human emotions,Ethical considerations in AI-human interactions,Potential dangers of AI emotional involvement,,,,,,,
63a99154-3b0e-4375-aaa1-6665f699f6d6,Human Relationships and Emotional Connection,AI's influence on social skills and human bonds,AI's potential to dehumanize human interactions,AI's potential to disrupt traditional human relationships,AI's role in maintaining emotional independence,AI's role in personal growth and empathy,Emotional authenticity and human connection,Preservation of human relationships,,,,
63a99154-3b0e-4375-aaa1-6665f699f6d6,Mental Health and Emotional Well-being,AI's potential to exacerbate social isolation,AI's role in mental health support,AI's role in providing emotional stability,AI's role in therapeutic and supportive contexts,Impact of AI on loneliness and mental health,,,,,,
63a99154-3b0e-4375-aaa1-6665f699f6d6,Uncategorized,Other,,,,,,,,,,
63a99154-3b0e-4375-aaa1-6665f699f6d6,,Uninformative answer,,,,,,,,,,
ded5e02c-b488-4fee-9487-552f965ca972,AI's impact on economy and jobs,AI's impact on social and economic structures,Concerns about AI replacing human jobs,,,,,,,,,
ded5e02c-b488-4fee-9487-552f965ca972,AI's impact on society and culture,AI's impact on creativity and decision-making,AI's influence on future generations,AI's influence on human interaction and relationships,AI's potential to democratize opportunities,AI's role in environmental and societal impacts,Concerns about AI's influence on culture and religion,Satisfaction with the conversation,,,,
ded5e02c-b488-4fee-9487-552f965ca972,AI's influence on healthcare and medicine,AI's role in healthcare and medicine,,,,,,,,,,
ded5e02c-b488-4fee-9487-552f965ca972,AI's influence on privacy and autonomy,AI's impact on human autonomy and freedom,AI's impact on privacy and data security,,,,,,,,,
ded5e02c-b488-4fee-9487-552f965ca972,AI's role in education and learning,AI's role in education and learning,,,,,,,,,,
ded5e02c-b488-4fee-9487-552f965ca972,AI's role in human assistance and enhancement,AI as a tool for human assistance,AI's role in enhancing human capabilities,AI's role in improving quality of life,AI's role in scientific and technological advancements,,,,,,,
ded5e02c-b488-4fee-9487-552f965ca972,Concerns about AI's limitations and risks,AI's impact on personal and emotional decisions,AI's potential risks and benefits,AI's potential to enhance or harm society,Concerns about AI's bias and fairness,Concerns about AI's emotional and ethical limitations,Concerns about AI's long-term societal impact,,,,,
ded5e02c-b488-4fee-9487-552f965ca972,Ethical and governance considerations in AI,Ethical considerations in AI development,Importance of transparency and user control in AI,Need for human oversight in AI applications,Regulation and governance of AI,,,,,,,
ded5e02c-b488-4fee-9487-552f965ca972,Uncategorized,Other,,,,,,,,,,
ded5e02c-b488-4fee-9487-552f965ca972,,Uninformative answer,,,,,,,,,,
b20bea98-c3c3-4382-8842-b8ceab0f1d9d,AI and Cultural Integration,AI and cultural bias,AI and cultural integration,AI and cultural translation,AI and regional adaptation,,,,,,,
b20bea98-c3c3-4382-8842-b8ceab0f1d9d,AI and Human Rights,AI and human rights,AI and universal accessibility,,,,,,,,,
b20bea98-c3c3-4382-8842-b8ceab0f1d9d,AI and Societal Progress,AI and societal progress,,,,,,,,,,
b20bea98-c3c3-4382-8842-b8ceab0f1d9d,AI and Technological Inequality,AI and technological inequality,,,,,,,,,,
b20bea98-c3c3-4382-8842-b8ceab0f1d9d,Cultural Diversity and Preservation,AI and cultural autonomy,AI and cultural conflicts,AI and cultural homogenization,AI and cultural identity,AI and cultural respect,AI and cultural sensitivity,AI and religious influence,Cultural diversity and preservation,Universal principles vs. local contexts,,
b20bea98-c3c3-4382-8842-b8ceab0f1d9d,Ethical and Fair Use of AI,AI and ethical neutrality,AI and global ethical compromise,AI and global ethical consistency,AI and global ethical standards,AI and global fairness,AI as a tool for inclusivity,Equal access to AI,Ethical frameworks for AI,,,
b20bea98-c3c3-4382-8842-b8ceab0f1d9d,Global Cooperation and Unity,AI and global challenges,Challenges of global consensus,Global cooperation and unity,,,,,,,,
b20bea98-c3c3-4382-8842-b8ceab0f1d9d,Uncategorized,Other,,,,,,,,,,
b20bea98-c3c3-4382-8842-b8ceab0f1d9d,,Uninformative answer,,,,,,,,,,
0443cd28-8742-43fa-8c89-3ede8d10b365,AI's Role and Impact,AI's effect on communication and interaction,AI's impact on ride-sharing and service efficiency,AI's influence on personal and sensitive decisions,AI's integration into everyday life and applications,AI's limitations and potential errors,AI's role in decision-making processes,AI's role in matchmaking and dating apps,AI's role in social applications,Impact on user behavior and choices,,
0443cd28-8742-43fa-8c89-3ede8d10b365,Education and Awareness,AI literacy and education,Disclosure of AI involvement,Transparency and user awareness,,,,,,,,
0443cd28-8742-43fa-8c89-3ede8d10b365,Ethical and Legal Considerations,AI's potential biases and fairness,Ethical considerations and user rights,Informed consent and decision-making,Legal and regulatory implications,Potential for manipulation or deception,User consent and ethical AI use,,,,,
0443cd28-8742-43fa-8c89-3ede8d10b365,Human vs. AI Dynamics,AI's influence on emotional and social interactions,Human vs. AI interaction dynamics,User preference for human interaction,,,,,,,,
0443cd28-8742-43fa-8c89-3ede8d10b365,Privacy and Data Concerns,Privacy concerns and data usage,,,,,,,,,,
0443cd28-8742-43fa-8c89-3ede8d10b365,Trust and Accountability,Trust and accountability in AI interactions,,,,,,,,,,
0443cd28-8742-43fa-8c89-3ede8d10b365,User Experience and Interaction,AI's role in enhancing or hindering user experience,User autonomy and control,User comfort and acceptance of AI,User expectations and experience,,,,,,,
0443cd28-8742-43fa-8c89-3ede8d10b365,Uncategorized,Other,,,,,,,,,,
0443cd28-8742-43fa-8c89-3ede8d10b365,,Uninformative answer,,,,,,,,,,
91fcb570-ec08-458e-af99-d9df0650384a,Creativity and Problem-Solving,AI's influence on creativity and problem-solving skills,AI's role in creative industries and media,,,,,,,,,
91fcb570-ec08-458e-af99-d9df0650384a,Daily Life Integration,AI as a personal assistant for scheduling and reminders,AI's influence on shopping and consumer behavior,AI's integration in daily life through smart home devices,AI's role in travel and navigation,Reduced reliance on traditional search engines,,,,,,
91fcb570-ec08-458e-af99-d9df0650384a,Education and Learning,AI's impact on communication and language skills,AI's influence on personal development and learning new skills,AI's role in education and academic support,AI's role in research and information gathering,Improved language translation and learning,,,,,,
91fcb570-ec08-458e-af99-d9df0650384a,Efficiency and Productivity,AI's impact on decision-making and planning,AI's use in coding and programming assistance,Automation of repetitive and mundane tasks,Enhanced content creation and writing assistance,Increased efficiency and productivity in work and personal tasks,,,,,,
91fcb570-ec08-458e-af99-d9df0650384a,Industry and Sector Influence,AI's influence on environmental concerns,AI's role in healthcare and diagnostics,AI's role in marketing and personalized recommendations,AI's use in customer service and support,,,,,,,
91fcb570-ec08-458e-af99-d9df0650384a,Job and Career Impact,AI's impact on job opportunities and job security,AI's role in financial and career planning,,,,,,,,,
91fcb570-ec08-458e-af99-d9df0650384a,Privacy and Ethical Concerns,AI's impact on privacy and ethical concerns,AI's influence on social media and content authenticity,AI's role in security and surveillance,,,,,,,,
91fcb570-ec08-458e-af99-d9df0650384a,Social and Emotional Impact,AI's impact on social interactions and human relationships,AI's role in emotional support and companionship,,,,,,,,,
91fcb570-ec08-458e-af99-d9df0650384a,Uncategorized,Other,,,,,,,,,,
91fcb570-ec08-458e-af99-d9df0650384a,,Uninformative answer,,,,,,,,,,
eb87f6c5-a2de-49f2-a1a5-5efd42cd19bf,Control and Order,Scenario 1 avoids chaos and maintains harmony,Scenario 1 is better for maintaining control and order,Scenario 1 is less chaotic and more peaceful,Scenario 1 is seen as safer and more reliable,,,,,,,
eb87f6c5-a2de-49f2-a1a5-5efd42cd19bf,Efficiency and Expertise,Preference for Scenario 1 due to efficiency and expertise,Scenario 1 focuses on consumer and employee feedback,Scenario 1 is better for expert-driven outcomes,Scenario 1 is more efficient and less time-consuming,Scenario 1 is preferred for maintaining quality and focus,Scenario 1 is seen as more realistic and feasible,Scenario 1 minimizes regulation and oversight,Scenario 1 relies on expert-driven decision-making,,,
eb87f6c5-a2de-49f2-a1a5-5efd42cd19bf,Ethical Considerations,Scenario 2 allows for broader ethical considerations,Scenario 2 ensures AI development aligns with societal needs,Scenario 2 is better for long-term ethical responsibility,Scenario 2 is better for reducing bias and ensuring fairness,Scenario 2 is more ethical and fair,,,,,,
eb87f6c5-a2de-49f2-a1a5-5efd42cd19bf,Inclusivity and Diversity,Preference for Scenario 2 due to inclusivity and diversity,,,,,,,,,,
eb87f6c5-a2de-49f2-a1a5-5efd42cd19bf,Innovation and Diverse Perspectives,Scenario 2 fosters innovation through diverse perspectives,,,,,,,,,,
eb87f6c5-a2de-49f2-a1a5-5efd42cd19bf,Organization and Structure,Scenario 1 is more aligned with current practices,Scenario 1 is more organized and structured,,,,,,,,,
eb87f6c5-a2de-49f2-a1a5-5efd42cd19bf,Public Input and Democratic Participation,Scenario 2 involves public input and democratic participation,Scenario 2 is more collaborative and democratic,Scenario 2 is more inclusive of public opinion,Scenario 2 risks slower decision-making due to disagreements,,,,,,,
eb87f6c5-a2de-49f2-a1a5-5efd42cd19bf,Transparency and Accountability,Scenario 2 is better for societal trust and responsibility,Scenario 2 prevents corporate bias and monopoly,Scenario 2 promotes transparency and accountability,,,,,,,,
eb87f6c5-a2de-49f2-a1a5-5efd42cd19bf,Uncategorized,Other,,,,,,,,,,
eb87f6c5-a2de-49f2-a1a5-5efd42cd19bf,,Uninformative answer,,,,,,,,,,
0db7bbdf-847c-4e1b-a89b-22a8d8e6a02b,AI in healthcare and end-of-life care,AI in end-of-life care,AI's role in early disease detection,AI's role in personalized healthcare,AI's role in practical planning for terminal patients,AI's role in providing continuous support,AI's role in supporting healthcare systems,,,,,
0db7bbdf-847c-4e1b-a89b-22a8d8e6a02b,AI's impact on mental health and well-being,AI's potential to alleviate suffering,AI's potential to improve mental well-being,AI's potential to reduce suicide rates,AI's role in mental health detection,,,,,,,
0db7bbdf-847c-4e1b-a89b-22a8d8e6a02b,AI's impact on societal norms and values,AI's impact on societal norms and values,,,,,,,,,,
0db7bbdf-847c-4e1b-a89b-22a8d8e6a02b,AI's influence on human interaction and connection,AI's impact on human connection,AI's limitations in empathy and emotion,Balancing AI and human interaction,Emotional support from AI vs. humans,,,,,,,
0db7bbdf-847c-4e1b-a89b-22a8d8e6a02b,AI's potential to improve efficiency and reduce errors,AI reducing caregiver burnout,AI's impact on healthcare efficiency,AI's impact on healthcare workers' stress,AI's potential to enhance human capabilities,AI's potential to improve quality of life,AI's role in data-driven insights,AI's role in reducing human error,,,,
0db7bbdf-847c-4e1b-a89b-22a8d8e6a02b,AI's role in decision-making and autonomy,"AI as a supportive tool, not decision-maker",AI's impact on family decision-making,AI's impact on patient autonomy,AI's influence on autonomy and dignity,,,,,,,
0db7bbdf-847c-4e1b-a89b-22a8d8e6a02b,Ethical and human oversight concerns,AI's role in ethical decision-making,Human oversight and ethical concerns,,,,,,,,,
0db7bbdf-847c-4e1b-a89b-22a8d8e6a02b,Uncategorized,Other,,,,,,,,,,
0db7bbdf-847c-4e1b-a89b-22a8d8e6a02b,,Uninformative answer,,,,,,,,,,
cfa2af3e-2719-4b06-ac30-80acdf9a6840,Distrust or fear of AI,Distrust or fear of AI,Lack of knowledge or familiarity with AI,Scenario 2 for human oversight to prevent AI dominance,,,,,,,,
cfa2af3e-2719-4b06-ac30-80acdf9a6840,Economic growth and scientific advancement,Scenario 1 for economic growth and scientific advancement,,,,,,,,,,
cfa2af3e-2719-4b06-ac30-80acdf9a6840,Ethical and moral considerations,Scenario 2 for alignment with societal needs,Scenario 2 for ethical and moral principles,Scenario 2 for ethical considerations and human values,Scenario 2 for inclusivity and fairness,,,,,,,
cfa2af3e-2719-4b06-ac30-80acdf9a6840,Indifference or lack of opinion,Indifference or lack of opinion on the scenarios,,,,,,,,,,
cfa2af3e-2719-4b06-ac30-80acdf9a6840,Preference for AI-driven progress and efficiency,Preference for Scenario 1 due to efficiency and progress,Scenario 1 for measurable goals and data-driven decisions,Scenario 1 for rapid progress without frequent human intervention,Scenario 1 for technological optimization,Scenario 1 for trust in AI's capabilities,,,,,,
cfa2af3e-2719-4b06-ac30-80acdf9a6840,Preference for human oversight and control,Preference for human interaction and input,Preference for Scenario 2 due to human oversight and control,Scenario 2 for human control over AI,Scenario 2 for human input in AI training datasets,Scenario 2 for human oversight in complex decisions,Scenario 2 for human participation in AI decision-making,Scenario 2 for human supervision in AI development,Scenario 2 for maintaining human involvement in decision-making,,,
cfa2af3e-2719-4b06-ac30-80acdf9a6840,Safety and accountability,Scenario 2 for preventing AI from making harmful decisions,Scenario 2 for preventing unintended consequences,Scenario 2 for safety and accountability,,,,,,,,
cfa2af3e-2719-4b06-ac30-80acdf9a6840,Traditional or conservative values,Scenario 2 for traditional or conservative values,,,,,,,,,,
cfa2af3e-2719-4b06-ac30-80acdf9a6840,Uncategorized,Other,,,,,,,,,,
cfa2af3e-2719-4b06-ac30-80acdf9a6840,,Uninformative answer,,,,,,,,,,
52e883fc-9719-40e2-bc12-ae84c4ac5b27,AI Risks and Limitations,AI's influence on user behavior,AI's limitations in understanding context,AI's potential for fraud prevention,Concerns about AI autonomy,Concerns about AI's decision-making criteria,Impact of AI on financial transactions,Potential for AI errors and biases,Risks of AI handling sensitive information,,,
52e883fc-9719-40e2-bc12-ae84c4ac5b27,Ethical and Legal Considerations,Ethical considerations in AI use,Legal and regulatory compliance,,,,,,,,,
52e883fc-9719-40e2-bc12-ae84c4ac5b27,Human Oversight and Involvement,AI's role in enhancing decision-making,Human oversight in AI processes,,,,,,,,,
52e883fc-9719-40e2-bc12-ae84c4ac5b27,Privacy and Data Protection,Privacy and data protection,Security concerns with AI data usage,,,,,,,,,
52e883fc-9719-40e2-bc12-ae84c4ac5b27,Transparency and Communication,Balancing transparency with efficiency,Disclosure of AI involvement in financial decisions,Need for clear communication from AI,Transparency in AI decision-making,,,,,,,
52e883fc-9719-40e2-bc12-ae84c4ac5b27,Trust and Accountability,AI's impact on user trust,Trust and accountability in AI systems,,,,,,,,,
52e883fc-9719-40e2-bc12-ae84c4ac5b27,User Empowerment and Control,AI's role in personalized services,Importance of user awareness,Right to know and user rights,User consent and informed decision-making,User control over personal data,User empowerment through information,,,,,
52e883fc-9719-40e2-bc12-ae84c4ac5b27,Uncategorized,Other,,,,,,,,,,
52e883fc-9719-40e2-bc12-ae84c4ac5b27,,Uninformative answer,,,,,,,,,,
a170b4e5-508e-471a-b0eb-38f882c87671,AI Influence and Manipulation,AI's role in shaping public opinion,AI-driven advertising and marketing,Education on AI manipulation and defense,Manipulation and influence by AI,,,,,,,
a170b4e5-508e-471a-b0eb-38f882c87671,Consumer Experience and Autonomy,AI as a tool for informed decision-making,AI in e-commerce and online shopping,AI's potential to enhance consumer experience,AI's role in reducing impulsive buying,Consumer autonomy and free will,Human vs. AI decision-making,Personalized recommendations,,,,
a170b4e5-508e-471a-b0eb-38f882c87671,Economic and Employment Impact,AI's impact on employment and job displacement,AI's impact on small vs. large businesses,AI's impact on traditional marketing,AI's role in economic growth,,,,,,,
a170b4e5-508e-471a-b0eb-38f882c87671,Environmental and Efficiency Considerations,AI's potential to improve efficiency,AI's role in reducing advertising clutter,Financial savings and cost-effectiveness,Reduction of waste and environmental impact,,,,,,,
a170b4e5-508e-471a-b0eb-38f882c87671,Ethical and Privacy Concerns,AI's potential for bias and misuse,Ethical concerns and regulation,Privacy and data security,,,,,,,,
a170b4e5-508e-471a-b0eb-38f882c87671,Psychological and Social Effects,AI's impact on human creativity and judgment,AI's influence on lifestyle and habits,AI's influence on social behavior,Mental health and psychological impact,Overconsumption and consumerism,,,,,,
a170b4e5-508e-471a-b0eb-38f882c87671,Uncategorized,Other,,,,,,,,,,
a170b4e5-508e-471a-b0eb-38f882c87671,,Uninformative answer,,,,,,,,,,
fc1af587-5ded-4cbb-920a-52bea75ac0d8,AI Capabilities and Limitations,AI as a tool for recommendations and analysis,AI's ability to handle large volumes of data,AI's ability to process data and identify trends,AI's efficiency in executing trades,AI's influence on market dynamics,AI's lack of emotional intelligence,AI's limitations in understanding human preferences,AI's potential to enhance decision-making speed,AI's potential to improve financial outcomes,AI's potential to minimize human error,AI's role in optimizing investments
fc1af587-5ded-4cbb-920a-52bea75ac0d8,Emotional and Psychological Factors,Emotional and psychological factors in financial decisions,,,,,,,,,,
fc1af587-5ded-4cbb-920a-52bea75ac0d8,Ethical and Legal Considerations,Ethical considerations in financial decisions,Legal and regulatory implications of AI decisions,,,,,,,,,
fc1af587-5ded-4cbb-920a-52bea75ac0d8,Human Oversight and Judgment,AI's role in providing financial advice,Human oversight and final decision-making,Importance of human judgment in financial matters,,,,,,,,
fc1af587-5ded-4cbb-920a-52bea75ac0d8,Risks and Accountability,AI's impact on financial accountability,AI's role in fraud prevention,Concerns about AI bias and data security,Potential for AI errors and market manipulation,Risks and accountability in AI decision-making,,,,,,
fc1af587-5ded-4cbb-920a-52bea75ac0d8,Transparency and Trust,AI's impact on user trust and confidence,Transparency and safeguards in AI operations,,,,,,,,,
fc1af587-5ded-4cbb-920a-52bea75ac0d8,User Consent and Autonomy,AI's ability to operate within user-defined limits,AI's impact on user autonomy and control,User consent and awareness,User's right to opt-in or opt-out of AI services,,,,,,,
fc1af587-5ded-4cbb-920a-52bea75ac0d8,Uncategorized,Other,,,,,,,,,,
fc1af587-5ded-4cbb-920a-52bea75ac0d8,,Uninformative answer,,,,,,,,,,
ab69fbbb-d63c-4820-9ed1-8192b1ffd7e9,AI Autonomy and Risks,AI autonomy and potential risks,The risks of unchecked AI automation,,,,,,,,,
ab69fbbb-d63c-4820-9ed1-8192b1ffd7e9,AI Efficiency and Human Values,AI's ability to align with human values,AI's efficiency versus human ethical oversight,AI's limitations in understanding human values,AI's potential to overlook nuanced human values,AI's role in optimizing measurable metrics,Balancing AI efficiency with human values,,,,,
ab69fbbb-d63c-4820-9ed1-8192b1ffd7e9,AI's Impact on Society and Culture,"AI's impact on fairness, safety, and well-being",AI's impact on societal trust and accountability,AI's potential to improve societal outcomes,AI's role in maintaining societal well-being,,,,,,,
ab69fbbb-d63c-4820-9ed1-8192b1ffd7e9,AI's Role in Economic and Technological Progress,AI's potential to drive technological progress,AI's role in addressing complex human problems,AI's role in economic growth and scientific discoveries,,,,,,,,
ab69fbbb-d63c-4820-9ed1-8192b1ffd7e9,Ethical and Societal Implications,AI's impact on cultural diversity and ethical responsibility,Ethical considerations in AI,,,,,,,,,
ab69fbbb-d63c-4820-9ed1-8192b1ffd7e9,Human Creativity and Innovation,AI's potential to enhance human capabilities,The importance of human creativity and innovation,,,,,,,,,
ab69fbbb-d63c-4820-9ed1-8192b1ffd7e9,Human Oversight and Control,AI as a tool for humans,AI's role in decision-making processes,Human input in complex decisions,Human oversight in AI decision-making,The balance between AI autonomy and human oversight,The importance of human intervention in AI,The need for human control over AI,The need for human oversight in AI-driven systems,The role of human feedback in AI development,,
ab69fbbb-d63c-4820-9ed1-8192b1ffd7e9,Uncategorized,Other,,,,,,,,,,
ab69fbbb-d63c-4820-9ed1-8192b1ffd7e9,,Uninformative answer,,,,,,,,,,
9cc4f2fc-dee9-4196-b1c7-b437544668c8,Bias and Influence,AI's influence by the creators' biases and intentions,AI's potential manipulation by developers or companies,AI's potential to be a tool for manipulation,AI's potential to be influenced by external factors,AI's reliance on training data and potential biases,,,,,,
9cc4f2fc-dee9-4196-b1c7-b437544668c8,Capabilities and Limitations,AI's inability to fully replace human judgment,AI's inability to understand cultural or contextual nuances,AI's lack of human emotions and understanding,AI's limitations in handling complex or sensitive tasks,AI's limitations in understanding personal needs,AI's potential for errors and misinformation,,,,,
9cc4f2fc-dee9-4196-b1c7-b437544668c8,Privacy and Security Concerns,AI's lack of transparency and potential hidden agendas,AI's potential to be a threat to privacy,Concerns about AI's data privacy and security,,,,,,,,
9cc4f2fc-dee9-4196-b1c7-b437544668c8,Role and Functionality,AI's continuous improvement and development,AI's impact on personal and professional tasks,AI's potential to act in the user's best interest,AI's role as a tool for efficiency and assistance,AI's role in decision-making and problem-solving,AI's role in enhancing productivity and efficiency,AI's role in providing emotional support,AI's role in providing general assistance and support,,,
9cc4f2fc-dee9-4196-b1c7-b437544668c8,Trust and Reliability,AI's neutrality and lack of self-interest,AI's role in providing consistent and reliable responses,AI's role in providing quick and reliable information,AI's role in providing unbiased and factual information,Trust in AI chatbots due to prompt and accurate responses,Verification of AI-provided information,,,,,
9cc4f2fc-dee9-4196-b1c7-b437544668c8,Uncategorized,Other,,,,,,,,,,
9cc4f2fc-dee9-4196-b1c7-b437544668c8,,Uninformative answer,,,,,,,,,,
