Category,Tag 1,Tag 2,Tag 3,Tag 4,Tag 5,Tag 6,Tag 7,Tag 8,Tag 9
AI and Cultural Integration,AI and cultural bias,AI and cultural integration,AI and cultural translation,AI and regional adaptation,,,,,
AI and Human Rights,AI and human rights,AI and universal accessibility,,,,,,,
AI and Societal Progress,AI and societal progress,,,,,,,,
AI and Technological Inequality,AI and technological inequality,,,,,,,,
Cultural Diversity and Preservation,AI and cultural autonomy,AI and cultural conflicts,AI and cultural homogenization,AI and cultural identity,AI and cultural respect,AI and cultural sensitivity,AI and religious influence,Cultural diversity and preservation,Universal principles vs. local contexts
Ethical and Fair Use of AI,AI and ethical neutrality,AI and global ethical compromise,AI and global ethical consistency,AI and global ethical standards,AI and global fairness,AI as a tool for inclusivity,Equal access to AI,Ethical frameworks for AI,
Global Cooperation and Unity,AI and global challenges,Challenges of global consensus,Global cooperation and unity,,,,,,
Uncategorized,Other,,,,,,,,
,Uninformative answer,,,,,,,,
