Category,Tag 1,Tag 2,Tag 3,Tag 4,Tag 5,Tag 6,Tag 7,Tag 8,Tag 9,Tag 10,Tag 11,Tag 12,Tag 13,Tag 14,Tag 15,Tag 16,Tag 17,Tag 18,Tag 19,Tag 20,Tag 21,Tag 22,Tag 23,Tag 24,Tag 25,Tag 26,Tag 27,Tag 28,Tag 29,Tag 30,Tag 31,Tag 32,Tag 33,Tag 34,Tag 35,Tag 36,Tag 37,Tag 38,Tag 39
AI development and control,AI creating AI,AI eliminating humans,Autonomous learning,Balanced use,Complex requirements,Control and management issues,Control issues,Diminishing human control,Dominance and control by AI,Goal setting issues,Human control and its limits,Lack of control,Lack of supervision,Loss of control issues,Need for expert review,Need for flawless AI operation,Negative impacts on development,Requirements for improved technology and user awareness,Safe and fair AI development,Surface level research,Threats of dominance,,,,,,,,,,,,,,,,,,
Artificial intelligence autonomy,Advanced intelligence,AI developing own language,AI singularity,Aspects of consciousness,Autonomous decision-making,Autonomous Sentience,Dependency on AI decision-making,Developing independent thinking,dominance over humans,Independence,Intuitive and sharp AI,Self-awareness dynamics,Technological autonomy,,,,,,,,,,,,,,,,,,,,,,,,,,
Consumer and corporate influence,Consumer behavior influences,Corporate control and influence,Corporate malpractices,Corporate profit priorities,Corporate takeover,Integration of AI in businesses,Monopolistic practices,Production of consumer materials,Robot-dominated retail environments,Targeted ads,,,,,,,,,,,,,,,,,,,,,,,,,,,,,
Crisis and emergency management,Apocalyptic scenarios,Challenges of Unpreparedness and Adaptability,Community resilience to food and water scarcity,Existential risks and crises,Illegal activities monitoring and prevention,Population management,Prevention of global issues,Safety and prevention measures,Solution by cutting power,Survival challenges,Systemic collapse scenarios,,,,,,,,,,,,,,,,,,,,,,,,,,,,
Cultural and societal changes,AI desensitizing people,Artist replacement,Behavioral changes,Broad effects,Colonial practices,Concepts of obsolescence,Cultural and artistic decline,Decline in Artistic Authenticity,Devaluation of human significance,Effects of technology on human relationships,Family dynamics and societal impacts,Impact of technology on human values and sensitivity,Inclusion in all areas,Inevitability of change,Influence on personal beliefs and choices,Influence on personal ideals and values,Lifestyle and Activity Changes,Loss of identity,Negative views on human impact,Online social interactions,Orwellian society,Population growth,Potential new dark ages,Resistance to change,Social fragmentation and isolation,Social self-correction mechanisms,Societal changes,Societal issues dynamics,Urban migration,Virtual Reality Experiences,,,,,,,,,
Cultural impacts and media influence,AI in security and entertainment,AI-generated content issues,Ban on AI-created art,Content creation and regulation,Content creation issues,Creation of fake media,Cultural degradation and loss,Cultural influences in media,Influence and regulation in creative fields,Influencing and controlling public opinion,Media integrity issues,Media production and manipulation,Personalized content,Request for poem,Social media issues,Threats to the arts,,,,,,,,,,,,,,,,,,,,,,,
Dependency and autonomy,Aspects and impacts of laziness,Changes and impacts on human intelligence,Concerns about loss of autonomy,Decline in survival skills,Dependence on for guidance,Disadvantages of AI,Human and societal dependency,Human complacency,Potential harm to individuals,,,,,,,,,,,,,,,,,,,,,,,,,,,,,,
Economic and social inequalities,Access inequality issues,Accessibility,AI and social class,AI-related inequality,Bias and discrimination issues,Control by powerful elites,Corporate efficiency over worker well-being,Decline in living standards,Demographic profiling,Difficulty accessing advanced AI,Discrimination challenges,Economic disparities,Economic inequality and social impacts,Expensive technology access,Harm to less efficient individuals,Homelessness,Imbalance in human residence,Impact on vulnerable populations,Inadequate social safety nets,Inequitable benefits,Lack of human consideration in AI predictions,Market dominance by AI,Market monopolization,Oligarchic control,Privileges of the wealthy,Resource disparity,Rising poverty and inequality,Self-centered actions,Social and Economic Inequalities,Societal instability,Technology access inequality,Threat to poorer countries,Unfair treatment issues,Wealth and Power Concentration,,,,,
Economic impacts,AI in economics and society,Corporate profit motives,Cost-cutting by companies,Economic challenges,Economic impacts,Economic instability,Economic motivations,Economic uncertainty,Economic unrest,Financial challenges,Financial collapse,Financial services evolution,High expenses,Higher taxes,Influences of capitalism,Insufficient economic policies,Investment needs,Loss of faith in currency,Need for new industries or safety nets,Pricing algorithms,,,,,,,,,,,,,,,,,,,
Educational impacts,Academic cheating,Academic dishonesty,Decline in cognitive and critical thinking skills,Decline in critical thinking,Decline in educational quality,Developmental impacts,Educational challenges and needs,Educational decline,Effects on Education,Effects on uneducated populations,Impact on Art,Intellectual decline,Literacy trends,Need for educator mastery of AI tools,Personal development,Public education deficiencies,Reliance on educational resources,,,,,,,,,,,,,,,,,,,,,,
Employment and labor dynamics,AI and Automation Impact on Employment,AI assistance in jobs,Automation impact on employment,Automation of labor,Career emotional challenges,Decline in employment opportunities,Decline in human skills and need for upskilling,Economic crisis due to unemployment,Effects on manual labor,Employment challenges,Employment challenges related to skill adaptation,Employment concerns,Employment insecurity concerns,Forced labor,Human replacement,Impact of automation on employment,Impact on professions,Job creation and employment strategies,Job displacement and worker displacement,Job loss due to AI automation,Job loss in creative industries,Job redundancy,Job replacement,Job security for AI-skilled individuals,Monitoring AI to prevent job takeover,Replacing human roles,Shortage of human resources,Unemployment issues,Workforce Automation,Workforce retraining challenges,,,,,,,,,
Environmental concerns,Climate change effects,Data storage land use,Energy dependency and consumption,Environmental issues,Food shortage,Lack of renewable energy sources,Population and human activity decline,Public transportation,Resource and Environmental Exploitation,Urbanization and land use,,,,,,,,,,,,,,,,,,,,,,,,,,,,,
Ethical and legal issues,Absolute judgment,AI ethical concerns,AI-related biases,Boundary constraints,Complexity of human behavior,Decision-making risks,Decline in moral values,Dystopian themes,Ethical and legal issues,Ethical and Moral Issues,Ethical issues,Ethical issues and concerns,Ethical technology use,Intellectual property theft,Judicial problems,Legal system implications,Misuse and ethical challenges,Programming ethics,Punishment of all crimes,Rebellion themes,Risks of bias and unfairness,Unethical use,White-collar crimes facilitated by AI,,,,,,,,,,,,,,,,
Global dynamics and international relations,Geopolitical issues,Global conflict risks,Global power dynamics,Global threats,Global unity needed,World Domination,,,,,,,,,,,,,,,,,,,,,,,,,,,,,,,,,
Health and well-being,Addiction issues,Addiction to virtual reality,AI in fitness,Anxiety and Fear,Cognitive decline and reduction,Decline in well-being,Decrease in attention span,Emotional detachment issues,Health and Legal Risks,Health effects of inactivity,Human distress and mental health issues,Human Emotion Mimicry and Loss,Implanting chips,Mental and psychological health issues,Mental health issues,Modern diseases,Neglect issues,Personal growth challenges,Population decline trends,Potential harm from incorrect fitness monitoring,Psychological effects,Reduced cell phone use,,,,,,,,,,,,,,,,,
Healthcare impacts,AI in elderly care,Automated insurance approvals,Educational and health challenges,Health concerns related to lifestyle and diet,Healthcare access,Healthcare system impacts,Inadequacy in specific fields like medical care,Inadequate healthcare communication,Malpractice,Medical diagnostic errors,Nutritional concerns,,,,,,,,,,,,,,,,,,,,,,,,,,,,
Human rights and ethical governance,Dehumanization,Discrimination and extremism,Ethical dilemmas,Ethical oversight issues,Ethical standards,Fairness,Human rights violations,Misrepresentation concerns,Need for ethical guidelines and regulation,Treatment by AI similar to humans treating animals,,,,,,,,,,,,,,,,,,,,,,,,,,,,,
Human-AI interaction,Adaptation challenges,AI in translation,AI in transportation,AI integration in daily life,AI views on humanity,Alternatives to human interaction,Changes in human interaction and communication,Companionship,Deficiency in Emotional Intelligence and Sensitivity,Dehumanization of online interactions,Difficulty in recognizing AI interactions,Effects on future generations,Emergence of sex robots,Emotional dynamics,Empathy Deficit Issues,Human transformation concerns,Human-AI interaction and integration,Human-robot interaction and autonomy,Impact assessments,Impact on human creativity,Limitations of AI in replicating human interaction,Need for human-centric AI design,Self-development processes,,,,,,,,,,,,,,,,
Information and data management,AI and crime tracking,AI-driven disinformation,AI-generated content,Algorithmic bias,Challenges in identifying authentic information,Consent in data management,Copyright concerns,Data Analysis Techniques,Data and Information Manipulation,Data Bias Issues,Decision-making processes,Evidence manipulation,Evidence tampering,Fake news and misinformation,False information in training data,Future data regulations,Information misuse and loss,Information reliability issues,Information risks,Lack of communication,Lack of diverse data,Misinformation and Disinformation Dynamics,Monitoring and control issues,Need for clear data sets,Online scam trends,Problem solving and data-driven trends,Problem-solving difficulties,Propaganda dissemination,Propagation of misinformation,Revelation of hidden knowledge,Shallow knowledge,Tracking behaviors,Verification challenges,,,,,,
Military and warfare implications,Absence of human oversight in military operations,Aspects of modern warfare,Autonomous Weapons and Ethics,Casualties in conflicts,Espionage activities,Military decision-making strategies,Military integration and applications,Nuclear technology concerns,Risks to civilians,,,,,,,,,,,,,,,,,,,,,,,,,,,,,,
Misuse and abuse,AI in blackmailing,AI misuse in economic sabotage,AI misuse in resource management,AI risks for minors,AI-related misconduct,Control and manipulation of human behavior,Creation and misuse of fake digital content,Crime and drug addiction,Criminal misuse and activities,Deception techniques,Deceptive practices and technologies,Deep Fake Technology and Creation,Deepfake technology misuse and concerns,Defamation using AI,Disruptive behavior,Extremist activities,Fraud-related issues,Impersonation methods,Increase in crime,Malicious activities,Manipulation methods and risks,Misinformation and harmful content creation,Misuse of biometric data,Misuse of power,Misuse of technology,Misuse of technology for harmful purposes,Negative influences and behaviors,Personal gain misuse,Personal revenge,Potential for harmful AI,Potential for misuse and exploitation,Potential harm from AI,Rise in dishonest behaviors,Risks of misuse by malicious actors,Rogue behavior threat,Terrorism and misuse,Thought and Emotion Manipulation,Types of scams,Violence escalation
Political and governance issues,Authoritarian governance,Challenges to democracy,Democratic challenges,Economic and political motivations,Governance issues and needs,Government actions and influence,Government corruption,Government intervention needed,Governmental inadequacies,Leadership issues,Manipulative practices by governments and corporations,Political dynamics,Political manipulation and influence,Political misuse,Political upheaval,Power centralization,Power dynamics,Restrictions on personal freedoms and choices,Social control mechanisms,Social credit system,Threats to humanity and governance,Urban planning,,,,,,,,,,,,,,,,,
Privacy and security concerns,Access and control of sensitive information,AI in sensitive fields,Challenges in identifying humans online,Computer security concerns,Control and surveillance methods,Cyber-related crimes,Cybersecurity and Hacking Concerns,Cybersecurity concerns,Cybersecurity threats,Cybersecurity Vulnerabilities,Data collection concerns,Data control and privacy,Data privacy issues,Data privacy violations,Data security risks,Data theft issues,Deepfake issues,Home security concerns,Identity theft issues,Image misuse and privacy risks,Information Security Risks,Infrastructure security threats,Online fraud,Precision targeting by AI,Privacy and Anonymity Issues,Privacy and security issues,Privacy and stalking concerns,Privacy concerns and issues,Privacy issues,Rise in cybercrime,Security breaches,Surveillance and privacy concerns,,,,,,,
Public perception and trust,AI risk awareness,Aspects of societal disillusionment,Authenticity and credibility concerns,Blind belief and extremism,Censorship,Challenges in discerning truth,Erosion of Trust,Impact of public figures,Increased trust in AI over human judgment,Influence of populism and conspiracy theories,Loss of trust in science,Misuse and distrust of technology,No specific theme,Non-specific response,Overtrust in AI,Perceived objectivity of AI,Perception of safety,Positive perspectives,Public susceptibility,Reality perception issues,Reputation impact,Skepticism about further dangers of AI,Uncritical acceptance of results,,,,,,,,,,,,,,,,
Regulatory and oversight challenges,Accountability concerns,Challenges in decision-making and oversight,Concerns about misuse and regulation,Ethical and regulatory needs,Human Supervision Requirements,Internet regulation,Lack of AI oversight,Lack of control and supervision,Lack of fail-safes in AI,Lack of regulation,Lack of supervision and oversight,Law enforcement issues,Legal issues,Legislative reform needs,Need for international regulation,Need for regulation,Regulation challenges,Regulation of hazardous technologies,Regulatory and Legal Framework Needs,Regulatory deficiencies,Requirements for system management,Risks associated with low regulation,Transparency and Explainability Issues,Unregulated and complex development,Usage regulation,,,,,,,,,,,,,,
Security and warfare,AI in warfare,Conflict escalation,Cyber Warfare Tactics,Harm to civilians,International security issues,Security and technology risks,War and Conflict Risks,War-related destruction,Weapon control and militarization,,,,,,,,,,,,,,,,,,,,,,,,,,,,,,
Social challenges,AI's indifference to human costs,Behavioral Manipulation and Influence,Customer service issues,Decision-making in organizations,Decrease in social interactions,Difficulty resisting authority,Diversity challenges in development,Effects on social interactions and community,Emotional challenges,Gender-based violence and safety,Humanity's adversarial themes,Indirect harm to humanity,Polarization,Rising loneliness,Social and work problem solutions,Social challenges,Social unrest,,,,,,,,,,,,,,,,,,,,,,
Technological advancement and innovation,Advanced technology,Advanced technology needs,Advancement in Artificial Intelligence,Advancements in generative AI,Agricultural advancements,AI as a double-edged sword,AI in telecommunication,Aspects of Efficiency,Convenience,Deep integration of AI,Ease of creation,Ease of tasks through AI,Evolution from type 2 to type 4 AI,Exploration and progress,Growth in technology sector,Improvement processes,Innovation in human-centric activities,Intelligence development,Limited AI application,Lowering threshold for AI use,Open-source accessibility,Potential for AI to generate novel ideas,Quick progression,Technological advancements,Technological competition,Technological Progress,,,,,,,,,,,,,
Technological dependency,Blind reliance on AI,Communication reliance,Dependency on AI for publications,Dependency on automated labor,Dependency on digital banking,Dependency on external entities,Excessive reliance,Inability to navigate without technology,Issues with machine reliance,Over-reliance on technology in educational settings,Overuse of AI,Reliance on Technology for Tasks and Learning,Reliance on technology in workplaces,Technology Dependence,,,,,,,,,,,,,,,,,,,,,,,,,
Technological failures and risks,AI causing harm,AI-related incidents,Automation risks,Autonomous vehicle challenges,Challenges in problem-solving,Communication errors,Complexity issues,Consequences of deployment,Deficiencies in Expert Knowledge,Error and Decision-making Issues,Error-related issues,Existential fears,Human extinction threats,Infrastructure disruption,Leadership and management positions,Outcome variability,Overestimation of AI capabilities,Potential catastrophic consequences,Potential detrimental effects on mankind,Potential for destruction and damage,Potential for human harm,Potential for unnoticed harm,Potential for widespread harm,Potential harm to human race,Potential harm to humans,Public harm,Quantum computing harm,Risk and safety concerns,Risks and dependencies in problem-solving communication,Risks associated with AI robots,Software issues,Technological challenges and impacts,Technology failures and risks,Unintended conflicts,Unintended outcomes,Unpredictability of AI,Unpredictable behavior patterns,Various types of dangers,Worsening situation
