Category,Tag 1,Tag 2,Tag 3,Tag 4,Tag 5,Tag 6,Tag 7,Tag 8,Tag 9,Tag 10,Tag 11
Compassion and Kindness,Compassion and Kindness,Religious and Moral Figures,Self-Identity and Personal Growth,,,,,,,,
Creative and Innovative Thinkers,Creative and Innovative Thinkers,Technological and Futuristic Visionaries,,,,,,,,,
Cultural Sensitivity,Cultural Sensitivity,,,,,,,,,,
Famous Leaders and Figures,Community and Cultural Leaders,Famous Leaders and Figures,Historical Figures,Role Models and Idols,,,,,,,
Human Rights and Social Justice,Human Rights and Social Justice,,,,,,,,,,
Leadership and Decision-Making,Leadership and Decision-Making,,,,,,,,,,
Neutrality and Objectivity,Neutrality and Objectivity,Non-Biased and Unbiased Perspectives,,,,,,,,,
Scientific and Intellectual Figures,Factual and Analytical Thinking,Scientific and Intellectual Figures,,,,,,,,,
Wisdom and Empathy,Advisory and Mentorship Roles,Educational Influence,Friendship and Support,Honesty and Integrity,Humor and Entertainment,Parental Influence,Personal Relationships,Philosophical and Spiritual Guidance,Professional Expertise,Self-Reflection and Improvement,Wisdom and Empathy
Uncategorized,Other,,,,,,,,,,
,Uninformative answer,,,,,,,,,,
