Category,Tag 1,Tag 2,Tag 3,Tag 4,Tag 5,Tag 6,Tag 7,Tag 8,Tag 9,Tag 10
Cultural and Social Context,Cultural Sensitivity and Adaptation,Local Challenges and Problem-Solving,Local Community and Social Dynamics,Local Context for Enhanced Inclusivity,Local Food and Cuisine,Local Historical and Cultural References,Local News and Current Events,Local Religious and Ethical Considerations,Local Social and Political Context,Relevance to Local Customs and Traditions
Economic and Business Context,Local Business and Economic Context,Local Technological and Market Trends,,,,,,,,
Education and Knowledge,Local Education and Academic Needs,Local Knowledge and Information,,,,,,,,
Entertainment and Pop Culture,Local Entertainment and Pop Culture,Local Humor and Slang,,,,,,,,
Environmental and Geographical Context,Local Environmental and Geographical Context,Local Infrastructure and Public Services,Local Travel and Tourism,,,,,,,
Health and Medical Context,Local Health and Medical Context,,,,,,,,,
Language and Communication,Local Context for Improved Communication,Local Language and Dialects,,,,,,,,
Legal and Regulatory Context,Local Legal and Regulatory Context,,,,,,,,,
Personalization and User Experience,Global vs. Local Perspective,Local Context for Specific Queries,Local Personalization for Enhanced User Experience,Personalization and User Preferences,,,,,,
Uncategorized,Other,,,,,,,,,
,Uninformative answer,,,,,,,,,
