Category,Tag 1,Tag 2,Tag 3,Tag 4,Tag 5,Tag 6,Tag 7
Career and Education,Career and education choices,,,,,,
Community and Social Responsibilities,Community development and social service,Community ethics and governance,Community welfare and public projects,,,,
Cultural and Religious Practices,Cultural and ethical values,Religious and cultural practices,Social events and celebrations,Traditions and rites of passage,,,
Environmental and Land Concerns,Environmental and land issues,,,,,,
Financial and Property Decisions,Buying or selling property,Financial decisions and investments,Property and inheritance distribution,Starting a business or entrepreneurship,,,
Health and Medical Issues,Health and medical treatment,Sensitive health issues,,,,,
Legal and Ethical Considerations,End-of-life planning and wills,Legal issues and rights,Moral and ethical decisions,,,,
Life Changes and Milestones,Major life changes and milestones,Relocation and moving decisions,Significant lifestyle changes,,,,
Relationships and Family Dynamics,Conflict resolution and family disputes,Divorce and separation,Elder care and family responsibilities,Family planning and having children,Interpersonal relationships and family dynamics,Marriage and relationships,Raising and educating children
Uncategorized,Other,,,,,,
,Uninformative answer,,,,,,
