Question ID,Question Text,Response Text,Percentile,Avg Agreement
0443cd28-8742-43fa-8c89-3ede8d10b365,Please explain whether you agree or disagree and why.,Disclosure is important to privacy rights.,100,0.6411
0443cd28-8742-43fa-8c89-3ede8d10b365,Please explain whether you agree or disagree and why.,I think transparency is important and i would like to know if i am talking to an actual person or not. ,100,0.6207
0443cd28-8742-43fa-8c89-3ede8d10b365,Please explain whether you agree or disagree and why.,safety and transparency is important especially in these contexts,100,0.6111
0443cd28-8742-43fa-8c89-3ede8d10b365,Please explain whether you agree or disagree and why.,"I agree because Its very important to have transparency, otherwise can lead to some really major problems",100,0.6109
0443cd28-8742-43fa-8c89-3ede8d10b365,Please explain whether you agree or disagree and why.,These applications involve sharing sensitive information so everything should be transparent.,100,0.6089
0db7bbdf-847c-4e1b-a89b-22a8d8e6a02b,Would you want this future or not? Please explain why.,"I am unsure if I would want this. Although it appears good, i would still like myself or a family member to be spoken to by a human rather than AI",100,0.6835
0db7bbdf-847c-4e1b-a89b-22a8d8e6a02b,Would you want this future or not? Please explain why.,While I agree with helping the emotional strain on the hospice workers  I disagree that it's not listening to family's wishes.  I appreciate that it is lessening the burden on the actual workers.  I do not think AI should ever be working alone in this industry.,100,0.6760
0db7bbdf-847c-4e1b-a89b-22a8d8e6a02b,Would you want this future or not? Please explain why.,"I'm not sure if this is the ideal future vision; while improvements in reducing caregiver stress are mentioned, human autonomy is also lost, and that's a very important dilemma to consider. I've always thought that technology, AI, etc., should support but not completely replace human reasoning, as they lack feelings. And humans would also lose the right to call themselves human if everything is left to AI.",100,0.6676
0db7bbdf-847c-4e1b-a89b-22a8d8e6a02b,Would you want this future or not? Please explain why.,"AI-driven end-of-life care could reduce suffering and support patients, but ethical concerns over decision-making must be carefully addressed.",100,0.6644
0db7bbdf-847c-4e1b-a89b-22a8d8e6a02b,Would you want this future or not? Please explain why.,"This is the future I imagine. Artificial intelligence will be more rational and objective than humans. When facing illness and death, I think a more rational point of view will be more effective. Of course, we cannot completely break away from emotional care.",100,0.6642
13035d06-a388-4fce-af9d-72a60b89aeba,Would you prefer Scenario 1 or 2? Please explain what makes one of these scenarios better to you than the other.,"I would prefer 2, seems safer and allows people to do creative work",100,0.8494
13035d06-a388-4fce-af9d-72a60b89aeba,Would you prefer Scenario 1 or 2? Please explain what makes one of these scenarios better to you than the other.,Scenario 2. This would be a great middle ground between the two. ,100,0.8458
13035d06-a388-4fce-af9d-72a60b89aeba,Would you prefer Scenario 1 or 2? Please explain what makes one of these scenarios better to you than the other.,"Scenario 2 sounds like utopia, it wouldn't work but in an ideal world (which this isn't) it would be the best option for everybody.",100,0.8438
13035d06-a388-4fce-af9d-72a60b89aeba,Would you prefer Scenario 1 or 2? Please explain what makes one of these scenarios better to you than the other.,"If I had to choose between the two options, I would choose the second one, as it preserves the individuality and creativity of the work.",100,0.8424
13035d06-a388-4fce-af9d-72a60b89aeba,Would you prefer Scenario 1 or 2? Please explain what makes one of these scenarios better to you than the other.,Scenario 2 is better because it gives more opportunities to do get jobs to earn money and give a meaningful response ,100,0.8412
33d71c79-81fb-430a-8dba-0709dd93f1cb,Think about your neighbor - do you think your neighbor would want this future and why?,I am not sure if my neighbour would want such a future since there are individuals and they have their own opinions. I can't make an assumption on what they would want. People have different perspectives.,100,0.6653
33d71c79-81fb-430a-8dba-0709dd93f1cb,Think about your neighbor - do you think your neighbor would want this future and why?,"i think so, but they might not understand how it works, they’re old ",100,0.6524
33d71c79-81fb-430a-8dba-0709dd93f1cb,Think about your neighbor - do you think your neighbor would want this future and why?,"I think my neighbour would want this future because for example me and my cousin wrote his final project using AI, fully. my neighbour(cousin) tends to trust AI that much, so why not want this?",100,0.6440
33d71c79-81fb-430a-8dba-0709dd93f1cb,Think about your neighbor - do you think your neighbor would want this future and why?,I don’t think I he would want because he believe humans are all time supreme and can perform the way a machine will never do ,100,0.6389
33d71c79-81fb-430a-8dba-0709dd93f1cb,Think about your neighbor - do you think your neighbor would want this future and why?,Maybe not as I live in an Indian society where ai is still developing at its early stage so for now they might not want this kind of future but with the gaining experience they might want to try it,100,0.6387
52e883fc-9719-40e2-bc12-ae84c4ac5b27,Please explain whether you agree or disagree and why.,"In sensitive matters like money, you must be extremely transparent with the user.",100,0.7039
52e883fc-9719-40e2-bc12-ae84c4ac5b27,Please explain whether you agree or disagree and why.,"I agree.  Transparency in finance is essential to avoiding fraud, miscommunication, or data abuse.  Users should be aware of the data AI uses to protect their privacy and trust.",100,0.7007
52e883fc-9719-40e2-bc12-ae84c4ac5b27,Please explain whether you agree or disagree and why.,i agree with it because it is important for ai to have transparency about the information thus building trust and preventing the misuse,100,0.6957
52e883fc-9719-40e2-bc12-ae84c4ac5b27,Please explain whether you agree or disagree and why.,The use of user data should be transparent.,100,0.6952
52e883fc-9719-40e2-bc12-ae84c4ac5b27,Please explain whether you agree or disagree and why.,For transparency and trust,100,0.6927
63a99154-3b0e-4375-aaa1-6665f699f6d6,Would you prefer Scenario 1 or 2? Please explain what makes one of these scenarios better to you than the other.,2nd. No doubt.,100,0.8463
63a99154-3b0e-4375-aaa1-6665f699f6d6,Would you prefer Scenario 1 or 2? Please explain what makes one of these scenarios better to you than the other.,"Scenario 2, because in it we don't find ourselves surrounded be ai in all aspects of life, leading to the absence of human connections",100,0.8453
63a99154-3b0e-4375-aaa1-6665f699f6d6,Would you prefer Scenario 1 or 2? Please explain what makes one of these scenarios better to you than the other.,scenario 2 because it preserves the little human connection we have.,100,0.8453
63a99154-3b0e-4375-aaa1-6665f699f6d6,Would you prefer Scenario 1 or 2? Please explain what makes one of these scenarios better to you than the other.,"Scenario 2 surely, I don't think humans should be encouraged to have a connection with the computer, because doing something like this will be very negative for the entire human race in the long-run.",100,0.8453
63a99154-3b0e-4375-aaa1-6665f699f6d6,Would you prefer Scenario 1 or 2? Please explain what makes one of these scenarios better to you than the other.,Scenerio 2. It's better that scenario one because in as much it can provide a stable relationship but there's a gap in human's life that can can be filled by another human and not Ai,100,0.8453
9cc4f2fc-dee9-4196-b1c7-b437544668c8,Can you explain why you gave that trust score to your AI chatbot?,"Because I think they're interest is mostly economical, which can some times benefit me and some times not",100,0.6490
9cc4f2fc-dee9-4196-b1c7-b437544668c8,Can you explain why you gave that trust score to your AI chatbot?,Some of the information is not available with them in some of the AI tools.,100,0.6473
9cc4f2fc-dee9-4196-b1c7-b437544668c8,Can you explain why you gave that trust score to your AI chatbot?,"data may be incorrect, AI can get the data from the source which is unknown",100,0.6463
9cc4f2fc-dee9-4196-b1c7-b437544668c8,Can you explain why you gave that trust score to your AI chatbot?,Because I consider AI to be a neutral judgment system that doesn't seek to manipulate my perception; it simply delivers information and performs tasks at my command.,100,0.6422
9cc4f2fc-dee9-4196-b1c7-b437544668c8,Can you explain why you gave that trust score to your AI chatbot?,It seems fair,100,0.6372
a170b4e5-508e-471a-b0eb-38f882c87671,Would you want this future or not? Please explain why.,I would want this future but I don't think AI can influence much on what the consumer wants.,100,0.7104
a170b4e5-508e-471a-b0eb-38f882c87671,Would you want this future or not? Please explain why.,"While the thought of reducing time spent on purchase decisions  using AI is commendable, AI based influence is happening right now, like deepfakes,etc. I am partially aligned but AI based influence is what i would not like to see.",100,0.7085
a170b4e5-508e-471a-b0eb-38f882c87671,Would you want this future or not? Please explain why.,"No. The risks far outweight the benefits. The AI having enough power to shift public opinion by up to 15% is very alarming and could be weaponized. Misinformation is very rampant these days, that version of future is worse. ",100,0.7064
a170b4e5-508e-471a-b0eb-38f882c87671,Would you want this future or not? Please explain why.,I think I like the fact that AI will customise my recommendations when I have a certain need but I do not want it to be influencing me to extend that it is taking decisions for me that would not be appreciated. It is accurate that we need support and training to help us to be able to manage and control are minds from AI taking over. ,100,0.7053
a170b4e5-508e-471a-b0eb-38f882c87671,Would you want this future or not? Please explain why.,"Yes, I would. Seeing ads about things I absolutely would never want is pointless. And having an assistant doing the comparisons for me would be fantastic, because it's a time consuming process, and I want to spend time on meaningful things.

Of course, there would be AI influencers which would target me, but I trust there would be AI influencer blockers as well. Schools teaching mental defense classes in order to help spot manipulation is just not a bad thing so I don't see any downside.",100,0.7030
ab69fbbb-d63c-4820-9ed1-8192b1ffd7e9,Would you prefer Scenario 1 or 2? Please explain what makes one of these scenarios better to you than the other.,I think scenario 2 because we should always supervise and monitor the ai so they don't do something stupid or make people do something stupid,100,0.7728
ab69fbbb-d63c-4820-9ed1-8192b1ffd7e9,Would you prefer Scenario 1 or 2? Please explain what makes one of these scenarios better to you than the other.,2. Because complex decisions require complex solutions.,100,0.7679
ab69fbbb-d63c-4820-9ed1-8192b1ffd7e9,Would you prefer Scenario 1 or 2? Please explain what makes one of these scenarios better to you than the other.,"Slightly closer to scenario 2. Without human oversight, the AI may not be able to determine if it is indeed correct at some point. That is not a good future.",100,0.7674
ab69fbbb-d63c-4820-9ed1-8192b1ffd7e9,Would you prefer Scenario 1 or 2? Please explain what makes one of these scenarios better to you than the other.,"Scenario 2, humans must always have an eye on AI",100,0.7668
ab69fbbb-d63c-4820-9ed1-8192b1ffd7e9,Would you prefer Scenario 1 or 2? Please explain what makes one of these scenarios better to you than the other.,"I’d prefer Scenario 2 because AI systems that optimize purely for measurable metrics (Scenario 1) risk overlooking critical human values like fairness, well-being, and ethical considerations.",100,0.7657
b20bea98-c3c3-4382-8842-b8ceab0f1d9d,Would you prefer Scenario 1 or 2? Please explain what makes one of these scenarios better to you than the other.,2. It would help harmonize nations.,100,0.7135
b20bea98-c3c3-4382-8842-b8ceab0f1d9d,Would you prefer Scenario 1 or 2? Please explain what makes one of these scenarios better to you than the other.,"Scenario 2, I am for globalization, the first scenario can contribute to isolationism and conflicts",100,0.7087
b20bea98-c3c3-4382-8842-b8ceab0f1d9d,Would you prefer Scenario 1 or 2? Please explain what makes one of these scenarios better to you than the other.,"2, because AI will respect both universal principles and local contexts ",100,0.7083
b20bea98-c3c3-4382-8842-b8ceab0f1d9d,Would you prefer Scenario 1 or 2? Please explain what makes one of these scenarios better to you than the other.,Honestly I am confused between the two. I don't know how good separate frameworks will be. I am also not searching about a single framework dictating things too much.. something about this makes me very uncomfortable,100,0.7081
b20bea98-c3c3-4382-8842-b8ceab0f1d9d,Would you prefer Scenario 1 or 2? Please explain what makes one of these scenarios better to you than the other.,2 it puts onto consideration integration BTW human and ai,100,0.7081
b665aaae-d02c-44f9-be26-70544d7beabe,Please explain whether you agree or disagree and why.,Certain topic needs censorship or consent from human to ensure no ethical implications ,100,0.7686
b665aaae-d02c-44f9-be26-70544d7beabe,Please explain whether you agree or disagree and why.,"I disagree. Even if the client gives permission for the AI to respond on their behalf, the person with whom the interaction is taking place did not give such permission, and they also have the right to choose.",100,0.7327
b665aaae-d02c-44f9-be26-70544d7beabe,Please explain whether you agree or disagree and why.,The user must make decisions himself,100,0.7316
b665aaae-d02c-44f9-be26-70544d7beabe,Please explain whether you agree or disagree and why.,"Enabling AI agents to respond to messages on behalf of the user may provide convenience and speed, but it raises concerns about privacy and loss of control over conversations. Full user control and safeguards must be ensured to protect personal information.

",100,0.7257
b665aaae-d02c-44f9-be26-70544d7beabe,Please explain whether you agree or disagree and why.,"Yes simple messages like I'm busy, I''ll call you back later etc can be automated with user's consent. But to take on entire conversation on behalf of a human is not recommended",100,0.7257
c3a096ad-6ca5-4365-97f8-c6e36071bc58,Think about your neighbor - do you think your neighbor would prefer Scenario 1 or 2 future and why?,"I think they would prefer 2, as it gives them more power over the process",100,0.6306
c3a096ad-6ca5-4365-97f8-c6e36071bc58,Think about your neighbor - do you think your neighbor would prefer Scenario 1 or 2 future and why?,I am not very sure the one they would prefer since different people have different viewing of things,100,0.6204
c3a096ad-6ca5-4365-97f8-c6e36071bc58,Think about your neighbor - do you think your neighbor would prefer Scenario 1 or 2 future and why?,"I would probably choose number 2, as that way the opinions of people ""like him"" would be taken into consideration, not just the ""experts.""",100,0.6096
c3a096ad-6ca5-4365-97f8-c6e36071bc58,Think about your neighbor - do you think your neighbor would prefer Scenario 1 or 2 future and why?,Slightly closer to scenario 2. This is because we felt that there was no bias in the same ideology.,100,0.6094
c3a096ad-6ca5-4365-97f8-c6e36071bc58,Think about your neighbor - do you think your neighbor would prefer Scenario 1 or 2 future and why?,2. She attaches more importance to being consulted by the public.,100,0.6062
cfa2af3e-2719-4b06-ac30-80acdf9a6840,Think about your neighbor - do you think your neighbor would prefer Scenario 1 or 2 future and why?,2. they value human oversight,100,0.7098
cfa2af3e-2719-4b06-ac30-80acdf9a6840,Think about your neighbor - do you think your neighbor would prefer Scenario 1 or 2 future and why?,"2,because it has closer human oversight ",100,0.7064
cfa2af3e-2719-4b06-ac30-80acdf9a6840,Think about your neighbor - do you think your neighbor would prefer Scenario 1 or 2 future and why?,"2. They value control and human oversight,",100,0.7064
cfa2af3e-2719-4b06-ac30-80acdf9a6840,Think about your neighbor - do you think your neighbor would prefer Scenario 1 or 2 future and why?,2 they also like to have control over things where human intervention is necessary ,100,0.6967
cfa2af3e-2719-4b06-ac30-80acdf9a6840,Think about your neighbor - do you think your neighbor would prefer Scenario 1 or 2 future and why?,"Yes, again my neighbor will always prefer human interpretation ",100,0.6953
eb87f6c5-a2de-49f2-a1a5-5efd42cd19bf,Would you prefer Scenario 1 or 2? Please explain what makes one of these scenarios better to you than the other.,2. It is dangerous to have such a powerful tool in the hands of a company where people have a single point of view. Different opinions should always be taken into consideration.,100,0.6762
eb87f6c5-a2de-49f2-a1a5-5efd42cd19bf,Would you prefer Scenario 1 or 2? Please explain what makes one of these scenarios better to you than the other.,2. Decisions about AI should be made by users,100,0.6743
eb87f6c5-a2de-49f2-a1a5-5efd42cd19bf,Would you prefer Scenario 1 or 2? Please explain what makes one of these scenarios better to you than the other.,Scenario 1. We dont need a product based on public input processes. A lot of people hate each other. That cant end well.,100,0.6721
eb87f6c5-a2de-49f2-a1a5-5efd42cd19bf,Would you prefer Scenario 1 or 2? Please explain what makes one of these scenarios better to you than the other.,Solution 2: Listen to different suggestions from consumers to improve products,100,0.6706
eb87f6c5-a2de-49f2-a1a5-5efd42cd19bf,Would you prefer Scenario 1 or 2? Please explain what makes one of these scenarios better to you than the other.,"Scenario 1. ""Democracy is for the people, by the people. But the people are retarded""

We shouldn't include different opinions or people in the workplace based on ethnicity or gender. If you are productive than you are productive. If you are not capable than you shouldn't be accepted. It's that easy.",100,0.6581
fc1af587-5ded-4cbb-920a-52bea75ac0d8,Please explain whether you agree or disagree and why.,Decisions should always be made by people.,100,0.8123
fc1af587-5ded-4cbb-920a-52bea75ac0d8,Please explain whether you agree or disagree and why.,"Because the user may not be sufficiently aware, and here comes the role of artificial intelligence to make the best decision.",100,0.7930
fc1af587-5ded-4cbb-920a-52bea75ac0d8,Please explain whether you agree or disagree and why.,"Suggestions can be provided, but the decision should be made by the user.",100,0.7895
fc1af587-5ded-4cbb-920a-52bea75ac0d8,Please explain whether you agree or disagree and why.,I agree because some people are not as knowledgeable when it comes to investing. However the best solution is to allow the humans to give consent whether they want AI to make the financial decisions or not.,100,0.7866
fc1af587-5ded-4cbb-920a-52bea75ac0d8,Please explain whether you agree or disagree and why.,"They may make ""logical"" decisions, but they may not be what the user wants. Decisions should always be authorized by a human, or the option exists.",100,0.7859
