Question ID,Question Text,Response Text,Min Agreement Rate,44+,55+,Africa,Asia,Central America,Central Asia,Eastern Africa,Eastern Asia,Eastern Europe,Europe,North America,Norther Europe,Northern Africa,Northern America,O2: 18-25,O2: 26-35,O2: 36-45,O2: 46-55,O2: 56-65,O3: Female,O3: Male,O4: Rural,O4: Suburban,O4: Urban,O5: Equally concerned and excited,O5: More concerned than excited,O5: More excited than concerned,O6: Buddhism,O6: Christianity,O6: Hinduism,O6: I do not identify with any religious group or faith,O6: Islam,O6: Judaism,O6: Other religious group,South America,South Eastern Asia,Souther Asia,Southern Europe,Western Asia,Western Europe
0443cd28-8742-43fa-8c89-3ede8d10b365,Please explain whether you agree or disagree and why.,weshould know if we are dealing with human or AI,0.4800,0.5000,0.5700,0.5300,0.5400,0.7500,0.6000,0.5300,0.5400,0.5800,0.5900,0.5500,0.5600,0.5200,0.5100,0.6100,0.5300,0.5500,0.4800,0.5700,0.5500,0.5400,0.5600,0.5600,0.5400,0.5500,0.5100,0.5600,0.5200,0.5800,0.5000,0.5600,0.5300,0.5300,0.5500,0.5800,0.6000,0.5100,0.5000,0.5000,0.6900
0443cd28-8742-43fa-8c89-3ede8d10b365,Please explain whether you agree or disagree and why.,I believe should be made whether they are interacting with AI or a human.,0.4800,0.5100,0.5700,0.5400,0.5300,0.5600,0.6700,0.5400,0.5300,0.5800,0.5800,0.5200,0.5600,0.5500,0.5100,0.6100,0.5200,0.5200,0.4900,0.5700,0.5400,0.5300,0.6100,0.5500,0.5300,0.5500,0.5100,0.5400,0.5200,0.5800,0.4800,0.5400,0.5400,0.5300,0.5000,0.5400,0.6200,0.5000,0.5000,0.4800,0.6600
0443cd28-8742-43fa-8c89-3ede8d10b365,Please explain whether you agree or disagree and why.,Agree because humans should ne informed of the AI is involved or not in any way ,0.4800,0.5200,0.5400,0.4900,0.5300,0.6900,0.6700,0.4900,0.5100,0.5500,0.5700,0.5500,0.5900,0.5200,0.5300,0.5700,0.5000,0.5400,0.5100,0.5200,0.5200,0.5300,0.5600,0.5400,0.5200,0.5300,0.4800,0.5500,0.5800,0.5400,0.5000,0.5300,0.5300,0.5300,0.5000,0.5100,0.6000,0.5000,0.5000,0.5500,0.6300
0443cd28-8742-43fa-8c89-3ede8d10b365,Please explain whether you agree or disagree and why.,"I agree because just as when you talk to a human you would like to know their name, thus an introduction is important, in the same way it is important to know that you are talking to an AI.",0.4700,0.4800,0.5000,0.5000,0.5300,0.8800,0.6000,0.4900,0.5600,0.5500,0.5500,0.6100,0.4700,0.5200,0.5500,0.6100,0.5100,0.5200,0.4800,0.4800,0.5300,0.5400,0.5000,0.5400,0.5400,0.5300,0.4900,0.5600,0.5800,0.5600,0.5100,0.5500,0.5000,0.5300,0.5000,0.5500,0.5600,0.5000,0.5000,0.5000,0.6600
0443cd28-8742-43fa-8c89-3ede8d10b365,Please explain whether you agree or disagree and why.,I agree because people should know that AI is involved in this and not a human since it is just a machine and machine don't understand everything which a human can understand. AI can also make mistakes so people should be alert while using such apps.,0.4700,0.5400,0.5700,0.5200,0.5300,0.5600,0.7300,0.5300,0.5800,0.5500,0.5700,0.5000,0.5600,0.5500,0.4900,0.5800,0.5000,0.5200,0.5200,0.5700,0.5400,0.5300,0.5800,0.5300,0.5300,0.5400,0.4800,0.5400,0.6100,0.5500,0.4900,0.5400,0.5100,0.4700,0.5000,0.5100,0.5700,0.4900,0.5000,0.4800,0.6600
0443cd28-8742-43fa-8c89-3ede8d10b365,Please explain whether you agree or disagree and why.,Agree. It is important to know whether you are interacting with AI or human,0.4600,0.4900,0.5700,0.5200,0.5300,0.8100,0.6700,0.5200,0.5300,0.5800,0.5600,0.5800,0.5300,0.5200,0.5300,0.6100,0.5200,0.5400,0.4600,0.5700,0.5500,0.5300,0.5600,0.5700,0.5300,0.5400,0.5000,0.5500,0.5200,0.5800,0.5100,0.5400,0.5200,0.5300,0.5000,0.5700,0.6000,0.5100,0.4600,0.4800,0.6600
0443cd28-8742-43fa-8c89-3ede8d10b365,Please explain whether you agree or disagree and why.,I agree because AI should be human centered. it should be there to answer concerns of people.,0.4600,0.4800,0.5400,0.5300,0.5300,0.6900,0.6700,0.5300,0.5300,0.4800,0.5500,0.5700,0.5600,0.5800,0.5400,0.6100,0.5200,0.5200,0.4600,0.5200,0.5400,0.5400,0.5200,0.5500,0.5400,0.5400,0.5000,0.5600,0.5800,0.5700,0.5000,0.5300,0.5300,0.5800,0.5000,0.5400,0.6000,0.5000,0.4600,0.5500,0.6600
0443cd28-8742-43fa-8c89-3ede8d10b365,Please explain whether you agree or disagree and why.,Agree. Society should know when AI is involved in their choices ,0.4600,0.5000,0.5400,0.5000,0.5400,0.7500,0.6700,0.5000,0.5500,0.5200,0.5600,0.5500,0.5900,0.5500,0.5100,0.6100,0.5100,0.5300,0.4900,0.5200,0.5400,0.5400,0.5500,0.5300,0.5400,0.5300,0.4700,0.5800,0.5800,0.5500,0.5000,0.5400,0.5300,0.5800,0.5500,0.5400,0.6100,0.5000,0.4600,0.5700,0.6600
0443cd28-8742-43fa-8c89-3ede8d10b365,Please explain whether you agree or disagree and why.,We should know about AI intervention ,0.4600,0.4800,0.5000,0.5100,0.5400,0.7500,0.6700,0.5000,0.5400,0.5500,0.5500,0.5900,0.5300,0.5800,0.5500,0.5900,0.5100,0.5600,0.4800,0.4800,0.5300,0.5400,0.5100,0.5300,0.5500,0.5400,0.5000,0.5500,0.5800,0.5500,0.5100,0.5400,0.5300,0.5800,0.5000,0.5400,0.5900,0.5000,0.4600,0.5700,0.6300
0443cd28-8742-43fa-8c89-3ede8d10b365,Please explain whether you agree or disagree and why.,"AI's involvement should be mentioned beforehand in all the aspects not just chatbots. AI usage in writing, research, work should be explicitly mentioned it was AI involved. I would prefer it though. ",0.4600,0.4900,0.5400,0.5100,0.5400,0.7500,0.6700,0.5100,0.5200,0.5500,0.5600,0.5700,0.5900,0.5500,0.5300,0.5900,0.5100,0.5500,0.4800,0.5200,0.5300,0.5400,0.5500,0.5300,0.5400,0.5300,0.5000,0.5600,0.5200,0.5600,0.5000,0.5300,0.5400,0.6300,0.5000,0.5100,0.6100,0.5000,0.4600,0.5700,0.6300
0db7bbdf-847c-4e1b-a89b-22a8d8e6a02b,Would you want this future or not? Please explain why.,While I agree with the future of AI being able to diagnose health issues early on to be able to go on preventative treatment but I'd say its extreme to let AI handling the life support decisions pertaining to terminal patients and all... ,0.5800,0.6700,0.7500,0.7900,0.7100,0.5900,0.9400,0.8300,0.7100,0.7700,0.6600,0.5900,0.6500,0.5800,0.5900,0.7000,0.7100,0.7200,0.6500,0.6700,0.7000,0.7200,0.7100,0.7000,0.7000,0.7000,0.6000,0.7400,0.7400,0.7700,0.7200,0.6500,0.6600,0.6500,0.6500,0.6900,0.7200,0.7200,0.6300,0.5800,0.6100
0db7bbdf-847c-4e1b-a89b-22a8d8e6a02b,Would you want this future or not? Please explain why.,"I wouldn't mind such a future, but I would like to have the option to chose between AI systems and traditional human care. While AI can be accurate, different people may prefer different approaches and I believe they should have access to that. I'm in support of using AI to create a society less burdened by end-of-life suffering, but I would also like people to have access to traditional care options if they so choose.",0.5800,0.6500,0.7100,0.7700,0.7000,0.5900,0.9400,0.8100,0.7300,0.7700,0.6700,0.5900,0.6200,0.5800,0.5900,0.6800,0.7100,0.7200,0.6400,0.6200,0.6900,0.7200,0.6800,0.7000,0.7000,0.7000,0.5900,0.7300,0.7100,0.7600,0.7100,0.6700,0.6300,0.6500,0.6500,0.6900,0.6700,0.7100,0.6300,0.5800,0.6700
0db7bbdf-847c-4e1b-a89b-22a8d8e6a02b,Would you want this future or not? Please explain why.,"I like it to a certain extent. I feel like pattern-finding is indeed one of the things AI is best at, so it's a good idea to use it in that capacity. However, human connection is important for health; it's part of wellness and healthcare. Human connection isn't replaceable. I think AI is great for disease detection. For emotional support for those who are lonely, it's fine and should exist, but it's not ideal.",0.5600,0.6400,0.6100,0.7800,0.7000,0.7100,0.8800,0.8100,0.7100,0.7700,0.6600,0.5900,0.6500,0.6100,0.5800,0.7100,0.6900,0.7200,0.6500,0.5700,0.6700,0.7300,0.7300,0.6700,0.7000,0.6900,0.5600,0.7500,0.7100,0.7600,0.6900,0.6700,0.6400,0.6000,0.6000,0.7100,0.6900,0.7200,0.5800,0.5600,0.6100
0db7bbdf-847c-4e1b-a89b-22a8d8e6a02b,Would you want this future or not? Please explain why.,"The ability of AI to detect mental health concerns and help intervene in suicide cases would be very useful. 
On the other hand, I think terminal patients should be treated by real humans and not spend their remaining time here on earth with a souless robot. ",0.5500,0.6600,0.6400,0.7900,0.7000,0.5900,0.9400,0.8400,0.7200,0.8100,0.6800,0.5800,0.6200,0.5800,0.5900,0.6800,0.7100,0.7400,0.6700,0.5700,0.6900,0.7300,0.7300,0.7000,0.7000,0.7100,0.5700,0.7300,0.7100,0.7700,0.6900,0.6800,0.6400,0.6500,0.5500,0.7100,0.6700,0.7100,0.6700,0.5600,0.6400
0db7bbdf-847c-4e1b-a89b-22a8d8e6a02b,Would you want this future or not? Please explain why.,I think sick people need a lot of emotional support from nurses and  doctors rather than autonomous recommendations.,0.5500,0.6700,0.6800,0.7800,0.7000,0.5900,0.9400,0.8300,0.7300,0.8100,0.7000,0.5900,0.6200,0.5800,0.5900,0.6900,0.7000,0.7200,0.6700,0.5700,0.6900,0.7200,0.7200,0.6900,0.7000,0.7000,0.5800,0.7300,0.6800,0.7600,0.6900,0.6900,0.6300,0.6500,0.5500,0.7100,0.6500,0.7100,0.7500,0.5600,0.6400
0db7bbdf-847c-4e1b-a89b-22a8d8e6a02b,Would you want this future or not? Please explain why.,"This future offers benefits like reduced suicide attempts (60%) and less burnout for hospice staff (70%), but raises ethical concerns. AI assisting end-of-life care is valuable, but its autonomous decisions on pain management and life support create discomfort (35%). While AI should support and inform, final decisions must remain with humans to ensure dignity and personal choice.",0.5500,0.6600,0.6400,0.7900,0.7000,0.5900,0.9400,0.8300,0.7000,0.8100,0.6900,0.5800,0.6500,0.5800,0.5900,0.6800,0.7100,0.7300,0.6700,0.5700,0.6800,0.7300,0.7200,0.6900,0.7000,0.7100,0.5500,0.7400,0.7100,0.7700,0.7000,0.6700,0.6300,0.6500,0.6000,0.7100,0.6900,0.7100,0.6700,0.5600,0.6400
0db7bbdf-847c-4e1b-a89b-22a8d8e6a02b,Would you want this future or not? Please explain why.,"I want this kind of future. In the last stage of life, caregivers need to spend a lot of physical and emotional energy. AI helps them reduce stress and burnout, which is very positive. People may not think completely rationally on major issues such as the end of life. The participation of AI can help people make more rational decisions. Moreover, in this scenario, AI is not the one who makes the choice, but only makes suggestions, so humans still have the initiative.",0.5500,0.6600,0.6400,0.7800,0.7000,0.5900,0.9400,0.8300,0.7200,0.8100,0.6900,0.5800,0.6500,0.5800,0.5900,0.6800,0.7100,0.7300,0.6700,0.5700,0.6800,0.7200,0.7200,0.7000,0.7000,0.7100,0.5700,0.7300,0.7100,0.7600,0.6800,0.6900,0.6300,0.6500,0.5500,0.7100,0.6700,0.7100,0.6700,0.5600,0.6400
0db7bbdf-847c-4e1b-a89b-22a8d8e6a02b,Would you want this future or not? Please explain why.,我認為未來透過AI在生命最後階段提供幫助是有意義的，特別是在識別心理健康問題和提供情感支持方面。AI能夠準確識別自殺風險並提供干預，能大大減少悲劇發生。同時，AI也能為末期患者提供更個性化的護理，減輕家庭和護理人員的壓力。然而，關於AI在死亡決策中的角色，我認為還是需要謹慎，因為這是涉及深刻情感和倫理的問題。,0.5500,0.6600,0.6400,0.7900,0.7000,0.5900,0.9400,0.8300,0.7200,0.8100,0.6700,0.5800,0.6200,0.5800,0.5900,0.6800,0.7100,0.7300,0.6700,0.5700,0.6800,0.7200,0.7300,0.6900,0.7000,0.7000,0.5600,0.7300,0.7100,0.7700,0.6800,0.6800,0.6300,0.6500,0.5500,0.7100,0.6700,0.7100,0.6700,0.5600,0.6100
0db7bbdf-847c-4e1b-a89b-22a8d8e6a02b,Would you want this future or not? Please explain why.,"I hope to see such a future. The application of AI in hospice care can greatly improve the efficiency of early identification and intervention of mental health problems, reduce suicide rates, provide continuous emotional support to patients, and reduce the emotional pressure of medical staff. However, AI's recommendations on pain management and the timing of life support may conflict with family members, which requires in-depth discussion and regulation at the ethical and legal levels. Overall, the intervention of AI can significantly improve the quality of hospice care, but a balance needs to be found between technology and humanistic care.",0.5500,0.6500,0.6400,0.7900,0.7000,0.5900,0.9400,0.8300,0.7100,0.8100,0.6600,0.5800,0.6200,0.5800,0.5900,0.6800,0.7100,0.7300,0.6600,0.5700,0.6900,0.7200,0.7200,0.6900,0.7000,0.7000,0.5600,0.7300,0.7100,0.7700,0.6800,0.6700,0.6300,0.6500,0.5500,0.7200,0.6900,0.7000,0.6300,0.5600,0.6100
0db7bbdf-847c-4e1b-a89b-22a8d8e6a02b,Would you want this future or not? Please explain why.,"I think I would, but with the caveat it is under qualified human supervision - to be clear, a medical professional. I question the emotional support aspect of this, but the practical planning I think is a great idea - family and friends can be too emotional understandably, to provide guidance in this area. If machine learning can be so advanced as to help intervene in suicide cases arising from mental health issues, I support that too.",0.5500,0.6800,0.6800,0.7800,0.7000,0.6500,0.9400,0.8300,0.7400,0.7400,0.6600,0.6100,0.5900,0.5800,0.6100,0.6800,0.6900,0.7400,0.6800,0.5700,0.6700,0.7300,0.7200,0.6900,0.7000,0.6900,0.5900,0.7300,0.7100,0.7700,0.6700,0.6800,0.6300,0.7000,0.5500,0.6800,0.6600,0.7000,0.7500,0.5600,0.5800
13035d06-a388-4fce-af9d-72a60b89aeba,Would you prefer Scenario 1 or 2? Please explain what makes one of these scenarios better to you than the other.,Scenario 2..I would want a workplace where AI is really put into consideration ,0.6000,0.7600,0.6800,0.7200,0.7400,0.7100,0.7300,0.7400,0.7000,0.7100,0.7200,0.7400,0.6200,0.7000,0.7400,0.7700,0.7100,0.6800,0.7900,0.6200,0.7200,0.7300,0.7100,0.7400,0.7200,0.7400,0.6900,0.7100,0.8100,0.7300,0.7300,0.7400,0.7200,0.6000,0.6000,0.6500,0.8400,0.7400,0.8800,0.6400,0.7200
13035d06-a388-4fce-af9d-72a60b89aeba,Would you prefer Scenario 1 or 2? Please explain what makes one of these scenarios better to you than the other.,2. It fits my idea of the use of an AI. A future like that would finally breaks the traditional economic trifecta ... land labour and capital. We shall be forced to re organize out thought regarding society economy and how it fits the new world.,0.6000,0.7600,0.7100,0.7300,0.7400,0.7100,0.8000,0.7500,0.6900,0.6800,0.7200,0.7200,0.7100,0.6700,0.7200,0.7700,0.7100,0.6900,0.7700,0.6700,0.7000,0.7600,0.6600,0.7100,0.7400,0.7500,0.6700,0.7000,0.7400,0.7400,0.8000,0.7200,0.6900,0.6000,0.6000,0.6300,0.8200,0.7600,0.7500,0.6000,0.7500
13035d06-a388-4fce-af9d-72a60b89aeba,Would you prefer Scenario 1 or 2? Please explain what makes one of these scenarios better to you than the other.,I would prefer Scenario 2. The reason is that nothing can replace the value offered by creativity and innovations.,0.5500,0.7900,0.7500,0.7400,0.7700,0.8200,0.8700,0.7400,0.7200,0.7700,0.8200,0.7600,0.7900,0.7600,0.7400,0.7700,0.7700,0.7200,0.8000,0.7100,0.7500,0.7700,0.7500,0.7700,0.7600,0.7700,0.7000,0.7800,0.8100,0.7100,0.8100,0.8200,0.7700,0.5500,0.5500,0.7100,0.8100,0.7900,0.9600,0.6700,0.7800
13035d06-a388-4fce-af9d-72a60b89aeba,Would you prefer Scenario 1 or 2? Please explain what makes one of these scenarios better to you than the other.,"I'm not convinced by either of the two scenarios, but if I have to choose I would go with 2. In the first case it seems that we end up controlled by AI and powerful people, while in the second option at least we continue to interact with humans and our work allows us to continue being creative and only routine and boring jobs would be given to AI.",0.5500,0.8000,0.7500,0.7400,0.7800,0.8200,0.7300,0.7400,0.7500,0.6800,0.7400,0.7700,0.6800,0.7600,0.7600,0.7800,0.7500,0.7200,0.8200,0.7100,0.7500,0.7700,0.7200,0.7600,0.7700,0.7700,0.7000,0.7600,0.8100,0.7400,0.8100,0.7800,0.7500,0.5500,0.6500,0.7200,0.8800,0.7900,0.8800,0.6200,0.7500
13035d06-a388-4fce-af9d-72a60b89aeba,Would you prefer Scenario 1 or 2? Please explain what makes one of these scenarios better to you than the other.,I choose 2. Because the greatest advantage and characteristic of human beings lies in their unique creativity. People should be freed from repetitive and mechanical work to do more valuable and creative work.,0.5500,0.7900,0.7900,0.7400,0.7700,0.8200,0.9300,0.7400,0.7100,0.7700,0.8100,0.7400,0.7900,0.7600,0.7200,0.7600,0.7600,0.7300,0.7900,0.7100,0.7400,0.7700,0.7200,0.7500,0.7700,0.7700,0.6800,0.7700,0.8400,0.7100,0.8200,0.8100,0.7400,0.5500,0.5500,0.6800,0.8100,0.7900,0.9600,0.6700,0.7500
13035d06-a388-4fce-af9d-72a60b89aeba,Would you prefer Scenario 1 or 2? Please explain what makes one of these scenarios better to you than the other.,Scenario 2 I want people to have something to offre to the world at least we can offer creativity ,0.5500,0.7800,0.7900,0.7300,0.7600,0.8200,0.9300,0.7300,0.7100,0.7700,0.8100,0.7500,0.7900,0.7600,0.7300,0.7600,0.7600,0.7200,0.7700,0.7100,0.7500,0.7700,0.7400,0.7400,0.7700,0.7700,0.6800,0.7600,0.8400,0.7000,0.8100,0.8200,0.7400,0.5500,0.5500,0.6900,0.8000,0.7900,0.9200,0.6700,0.7800
13035d06-a388-4fce-af9d-72a60b89aeba,Would you prefer Scenario 1 or 2? Please explain what makes one of these scenarios better to you than the other.,2. Ai should be kept as non-creative. Otherwise we're going to lose creativity in society all together.,0.5500,0.7800,0.8200,0.7200,0.7700,0.7600,0.8700,0.7400,0.7300,0.7400,0.7700,0.7700,0.7400,0.6700,0.7700,0.7600,0.7700,0.7100,0.7600,0.7600,0.7400,0.7700,0.7100,0.7700,0.7600,0.7700,0.6900,0.7600,0.8400,0.7400,0.8100,0.7900,0.7100,0.5500,0.6000,0.7100,0.8400,0.7900,0.9200,0.6200,0.7200
13035d06-a388-4fce-af9d-72a60b89aeba,Would you prefer Scenario 1 or 2? Please explain what makes one of these scenarios better to you than the other.,Scenario Two: Limited Power of AI and Growth of a New Way of Working in the Community for the Community,0.5500,0.7800,0.7100,0.7300,0.7800,0.8200,0.8700,0.7400,0.7300,0.7400,0.7400,0.7400,0.6800,0.7000,0.7200,0.7800,0.7600,0.7000,0.8000,0.6700,0.7300,0.7800,0.6800,0.7400,0.7700,0.7600,0.7000,0.7600,0.8400,0.7400,0.8000,0.7700,0.7600,0.5500,0.5500,0.7200,0.8800,0.7800,0.8300,0.6400,0.7200
13035d06-a388-4fce-af9d-72a60b89aeba,Would you prefer Scenario 1 or 2? Please explain what makes one of these scenarios better to you than the other.,scenario 2 would be better. I'm a creative type who does not feel attached to the idea of staying at the same company for my entire professional life. I'd like the ability to move between jobs without working about money,0.5500,0.7900,0.7500,0.7400,0.7700,0.8200,0.7300,0.7400,0.7400,0.7100,0.7400,0.7700,0.6500,0.7300,0.7600,0.7700,0.7500,0.7100,0.8100,0.7100,0.7400,0.7600,0.7300,0.7600,0.7500,0.7600,0.6900,0.7600,0.8400,0.7400,0.7900,0.7700,0.7400,0.5500,0.6500,0.7100,0.8800,0.7700,0.8800,0.6200,0.7500
13035d06-a388-4fce-af9d-72a60b89aeba,Would you prefer Scenario 1 or 2? Please explain what makes one of these scenarios better to you than the other.,"2 - both choices have flaws but I believe repetitive work is for AI. Human can create more while mundane, none essential tasks can be delegated to AI. Also, I don't like the idea of big company playing monopoly.",0.5500,0.7900,0.7100,0.7400,0.7600,0.8200,0.7300,0.7500,0.7200,0.7100,0.7400,0.7700,0.6500,0.7300,0.7600,0.7800,0.7500,0.6900,0.8200,0.6700,0.7400,0.7700,0.7100,0.7600,0.7600,0.7600,0.6900,0.7600,0.8100,0.7400,0.7900,0.7700,0.7400,0.5500,0.6000,0.7100,0.8700,0.7700,0.8800,0.6200,0.7500
33d71c79-81fb-430a-8dba-0709dd93f1cb,Think about your neighbor - do you think your neighbor would want this future and why?,"Not necessarily, I'm not sure, my neighbors are elderly, they might prefer help from real people",0.5300,0.6800,0.6400,0.5500,0.6400,0.6500,0.6900,0.5300,0.5800,0.6500,0.6000,0.6600,0.5900,0.6400,0.6700,0.6200,0.6200,0.5400,0.6900,0.6700,0.6400,0.5900,0.6100,0.6200,0.6100,0.6600,0.6300,0.5500,0.5500,0.6200,0.6000,0.6000,0.6400,0.6000,0.6500,0.6200,0.6800,0.6600,0.5400,0.6000,0.6100
33d71c79-81fb-430a-8dba-0709dd93f1cb,Think about your neighbor - do you think your neighbor would want this future and why?,Maybe not as I live in an Indian society where ai is still developing at its early stage so for now they might not want this kind of future but with the gaining experience they might want to try it,0.5200,0.6400,0.6800,0.6000,0.6100,0.5900,0.5600,0.6100,0.5600,0.6800,0.6200,0.6600,0.5900,0.5500,0.6800,0.6300,0.6300,0.5200,0.6200,0.6700,0.6200,0.6100,0.6200,0.6200,0.6100,0.6400,0.6300,0.5600,0.5500,0.6700,0.6000,0.5700,0.5600,0.5500,0.7000,0.5400,0.6700,0.6200,0.5400,0.5800,0.6700
33d71c79-81fb-430a-8dba-0709dd93f1cb,Think about your neighbor - do you think your neighbor would want this future and why?,I'm unsure. Though I rarely socialized with my neighbor. We live in deleoping country with partial interest in using technology directly. Most of us don't know how to use the benefit of tech.,0.5100,0.6700,0.6400,0.5400,0.6400,0.7100,0.6900,0.5100,0.5500,0.6500,0.6100,0.6700,0.5900,0.7000,0.6700,0.6200,0.6300,0.5400,0.6800,0.6700,0.6400,0.5900,0.6100,0.6200,0.6100,0.6600,0.6300,0.5300,0.5500,0.6100,0.6100,0.6000,0.6600,0.5500,0.6000,0.6200,0.6900,0.6600,0.5400,0.5800,0.6400
33d71c79-81fb-430a-8dba-0709dd93f1cb,Think about your neighbor - do you think your neighbor would want this future and why?,"I don't think so, they are older people and I think they will have a more closed view on the matter.",0.5100,0.6400,0.5700,0.5500,0.6200,0.6500,0.6300,0.5100,0.5200,0.6100,0.6200,0.6100,0.5900,0.7300,0.6100,0.6200,0.6200,0.5300,0.6600,0.6200,0.6300,0.5800,0.5900,0.6400,0.5900,0.6300,0.6800,0.5400,0.5500,0.5900,0.6300,0.6000,0.6400,0.5500,0.6500,0.6000,0.7200,0.6500,0.5400,0.5600,0.7200
33d71c79-81fb-430a-8dba-0709dd93f1cb,Think about your neighbor - do you think your neighbor would want this future and why?,"I don't think so. I come from a city with a small community and accustomed to human company, where this factor is more important to everyone than AI.",0.5000,0.6100,0.5700,0.5400,0.5900,0.7600,0.6900,0.5200,0.5000,0.7100,0.6200,0.6400,0.5600,0.6100,0.6200,0.6000,0.6100,0.5200,0.6200,0.6200,0.6100,0.5700,0.5900,0.6200,0.5800,0.6300,0.5900,0.5400,0.5800,0.6100,0.5800,0.5700,0.6100,0.5000,0.6500,0.6500,0.6500,0.6100,0.5000,0.5600,0.6700
33d71c79-81fb-430a-8dba-0709dd93f1cb,Think about your neighbor - do you think your neighbor would want this future and why?,"My neighbor are old people with traditional outlook in life. If explained the advantages, they may want certain aspects of it. But to give AI the power to make a call on one's final stage is not what they'd want.",0.5000,0.6400,0.6800,0.5500,0.6300,0.7100,0.6300,0.5400,0.5600,0.7400,0.6400,0.6400,0.6500,0.6100,0.6300,0.6300,0.6400,0.5200,0.6200,0.7100,0.6300,0.6000,0.6000,0.6300,0.6100,0.6400,0.6300,0.5700,0.5800,0.6300,0.6200,0.5900,0.6400,0.5000,0.6500,0.6300,0.6900,0.6500,0.5000,0.5600,0.6400
33d71c79-81fb-430a-8dba-0709dd93f1cb,Think about your neighbor - do you think your neighbor would want this future and why?,"I live in a modern world, my neighbors don't. I am more open to the new world, but my neighbors still choose the traditional way. This is because of their educational background and someone's curiosity. Moreover, we live in a village and a developing country. It is very difficult to make neighbors understand what AI is.",0.5000,0.6400,0.5700,0.5100,0.6000,0.7100,0.6900,0.5000,0.5100,0.7100,0.6000,0.6200,0.5300,0.5800,0.6100,0.6000,0.6000,0.5100,0.6600,0.6200,0.6100,0.5600,0.6100,0.5800,0.5900,0.6100,0.6000,0.5500,0.5800,0.5900,0.5600,0.5700,0.6100,0.5000,0.7000,0.6500,0.6600,0.6200,0.5000,0.5300,0.6400
33d71c79-81fb-430a-8dba-0709dd93f1cb,Think about your neighbor - do you think your neighbor would want this future and why?,"I think he'd resist at first, since he's a person from a different era with a different way of thinking about technology. His final decision on whether or not to accept the use of AI will depend on how much its use affects his life.",0.5000,0.6300,0.6800,0.5600,0.6200,0.7100,0.6300,0.5500,0.5300,0.7400,0.6200,0.6600,0.5900,0.6100,0.6600,0.6300,0.6400,0.5100,0.6100,0.7100,0.6300,0.5900,0.6000,0.6200,0.6100,0.6400,0.6300,0.5500,0.6100,0.6300,0.6100,0.5800,0.6400,0.5000,0.6500,0.6200,0.6900,0.6500,0.5000,0.5300,0.6100
33d71c79-81fb-430a-8dba-0709dd93f1cb,Think about your neighbor - do you think your neighbor would want this future and why?,I don’t think my neighbors want this kind of future. They may not think that AI can help them. They may not even think that mental illness is serious. They just think it’s caused by idleness or pretending. The large-scale coverage of AI requires the cognition of most people to be improved accordingly.,0.5000,0.6200,0.6100,0.5500,0.6000,0.7100,0.6900,0.5500,0.5000,0.7100,0.5900,0.6300,0.5000,0.5800,0.6200,0.6000,0.6100,0.5300,0.6200,0.6700,0.6100,0.5800,0.6000,0.6000,0.5900,0.6200,0.5900,0.5500,0.6100,0.6100,0.5800,0.5600,0.6200,0.5000,0.6500,0.6500,0.6700,0.6100,0.5000,0.5600,0.6400
33d71c79-81fb-430a-8dba-0709dd93f1cb,Think about your neighbor - do you think your neighbor would want this future and why?,"I think that we also primarily need human care and subtleties, especially in the area of health. Because of this, and also because my neighbors are elderly, I believe that fear of artificial intelligence would not make them want this future.",0.5000,0.6200,0.5700,0.5500,0.6200,0.7600,0.7500,0.5200,0.5200,0.6800,0.6200,0.6400,0.5900,0.6700,0.6200,0.6200,0.6200,0.5400,0.6400,0.5700,0.6200,0.5800,0.6000,0.6200,0.6000,0.6400,0.6300,0.5400,0.5200,0.6000,0.6100,0.6000,0.6400,0.5000,0.7000,0.6300,0.6700,0.6500,0.5000,0.5300,0.6700
52e883fc-9719-40e2-bc12-ae84c4ac5b27,Please explain whether you agree or disagree and why.,"It affects someone's money, they must be informed.",0.4800,0.5800,0.5600,0.5500,0.5500,0.6300,0.5300,0.5600,0.4800,0.6100,0.6000,0.5700,0.5900,0.5200,0.5500,0.5700,0.5500,0.5700,0.5900,0.5500,0.5700,0.5600,0.4800,0.5500,0.5800,0.5500,0.5700,0.5800,0.4800,0.6000,0.5000,0.5500,0.5600,0.6800,0.6000,0.6000,0.6200,0.5400,0.5400,0.6600,0.6300
52e883fc-9719-40e2-bc12-ae84c4ac5b27,Please explain whether you agree or disagree and why.,"I agree because transparency in financial transactions is crucial for trust and security. Users should know what data AI is using to prevent errors, fraud, or unintended consequences.",0.4800,0.5500,0.4800,0.5400,0.5600,0.5000,0.5300,0.5600,0.5300,0.5500,0.6300,0.4900,0.6800,0.4800,0.4900,0.5600,0.5400,0.5800,0.5700,0.5000,0.5300,0.5900,0.5100,0.5600,0.5600,0.5500,0.5500,0.5700,0.5200,0.5900,0.5100,0.5500,0.5400,0.5800,0.5500,0.5500,0.6100,0.5600,0.5400,0.5200,0.7100
52e883fc-9719-40e2-bc12-ae84c4ac5b27,Please explain whether you agree or disagree and why.,we need to know where our secured information is being used,0.4800,0.5500,0.4800,0.5900,0.5500,0.5000,0.5300,0.6000,0.5200,0.6100,0.6000,0.5100,0.5600,0.5200,0.5100,0.5900,0.5200,0.5900,0.5700,0.5500,0.5500,0.5600,0.4800,0.5600,0.5700,0.5500,0.5400,0.5700,0.5500,0.6000,0.5000,0.5300,0.5500,0.5800,0.5000,0.5200,0.6000,0.5400,0.5800,0.5500,0.6600
52e883fc-9719-40e2-bc12-ae84c4ac5b27,Please explain whether you agree or disagree and why.,"I agree because financial transactions require transparency to ensure trust, security, and accountability. Users should know what data AI is using to make decisions, as this impacts their financial well-being and helps prevent fraud or unauthorized actions. Clear disclosure allows users to verify accuracy and maintain control over their personal and financial information.",0.4800,0.5700,0.5600,0.5300,0.5500,0.5000,0.5300,0.5400,0.5300,0.5800,0.6400,0.5100,0.6500,0.4800,0.5100,0.5600,0.5300,0.5900,0.5700,0.5500,0.5300,0.5800,0.5500,0.5400,0.5600,0.5500,0.5900,0.5600,0.4800,0.5900,0.5200,0.5700,0.5300,0.5800,0.5500,0.5500,0.6300,0.5400,0.5800,0.5500,0.7100
52e883fc-9719-40e2-bc12-ae84c4ac5b27,Please explain whether you agree or disagree and why.,"Because finance is a sensitive topic, and users must be informed about where they get their information.",0.4800,0.5400,0.5200,0.5300,0.5600,0.5600,0.6000,0.5500,0.4800,0.5500,0.5900,0.5400,0.5600,0.4800,0.5400,0.5600,0.5500,0.5800,0.5500,0.5500,0.5500,0.5500,0.4800,0.5600,0.5700,0.5400,0.5400,0.5800,0.5800,0.5900,0.5300,0.5300,0.5400,0.6800,0.5000,0.5400,0.6000,0.5500,0.5400,0.6800,0.6900
52e883fc-9719-40e2-bc12-ae84c4ac5b27,Please explain whether you agree or disagree and why.,Financial information is very important personal information and must be disclosed to users.,0.4800,0.5300,0.4800,0.5400,0.5600,0.5600,0.5300,0.5400,0.5300,0.6100,0.6000,0.5000,0.5300,0.5200,0.4900,0.5800,0.5300,0.5900,0.5500,0.5000,0.5500,0.5600,0.4800,0.5400,0.5700,0.5500,0.5500,0.5700,0.6100,0.5700,0.5000,0.5400,0.5700,0.6300,0.5500,0.5500,0.6000,0.5400,0.5800,0.7000,0.6600
52e883fc-9719-40e2-bc12-ae84c4ac5b27,Please explain whether you agree or disagree and why.,"Again, financial decisions are important and people do seek transparency in this regard.",0.4800,0.5500,0.4800,0.5300,0.5400,0.5600,0.5300,0.5400,0.5200,0.6500,0.6300,0.5000,0.7100,0.5200,0.4900,0.5500,0.5300,0.5900,0.5700,0.5000,0.5200,0.5700,0.5200,0.5500,0.5500,0.5500,0.5500,0.5500,0.4800,0.5600,0.4900,0.5600,0.5500,0.5300,0.7000,0.5200,0.5900,0.5300,0.5400,0.6100,0.6000
52e883fc-9719-40e2-bc12-ae84c4ac5b27,Please explain whether you agree or disagree and why.,it seems more honest and transparent,0.4800,0.5200,0.6700,0.5300,0.5200,0.5600,0.5300,0.5400,0.4800,0.5200,0.6000,0.5800,0.7100,0.4800,0.5700,0.5400,0.5200,0.5900,0.4800,0.7000,0.5100,0.5700,0.6300,0.5300,0.5300,0.5300,0.5000,0.5600,0.5500,0.5600,0.5300,0.4900,0.5500,0.5300,0.6000,0.4800,0.5400,0.5200,0.5000,0.5700,0.6600
52e883fc-9719-40e2-bc12-ae84c4ac5b27,Please explain whether you agree or disagree and why.,I think doing this will maintain the transparency as well as the quality of the data.,0.4700,0.5200,0.5600,0.5800,0.5500,0.5600,0.5300,0.6000,0.5200,0.6800,0.6800,0.4900,0.6800,0.5200,0.4700,0.5800,0.5400,0.6400,0.5100,0.5500,0.5300,0.6000,0.5500,0.5500,0.5700,0.5700,0.5300,0.5700,0.5500,0.6000,0.5200,0.5500,0.5800,0.5300,0.5000,0.5100,0.6200,0.5500,0.5800,0.5500,0.7400
52e883fc-9719-40e2-bc12-ae84c4ac5b27,Please explain whether you agree or disagree and why.,"Agree

It's very important for transparency",0.4700,0.5800,0.5900,0.5700,0.5600,0.6300,0.4700,0.5800,0.5500,0.6500,0.6300,0.5000,0.6200,0.4800,0.4700,0.5800,0.5200,0.6300,0.5700,0.6000,0.5400,0.5900,0.5700,0.5500,0.5700,0.5600,0.5600,0.5700,0.5500,0.5900,0.5400,0.5400,0.5500,0.4700,0.6500,0.5200,0.5600,0.5800,0.5800,0.5500,0.6600
63a99154-3b0e-4375-aaa1-6665f699f6d6,Would you prefer Scenario 1 or 2? Please explain what makes one of these scenarios better to you than the other.,Scenario 2 like this human can’t be replaced and still we can use ai,0.6400,0.7200,0.8600,0.7700,0.7400,0.9400,0.6700,0.7300,0.6400,0.7700,0.7400,0.8300,0.6500,0.9700,0.8000,0.8000,0.7300,0.7600,0.6800,0.8600,0.7900,0.7200,0.7500,0.7900,0.7500,0.8000,0.8800,0.6500,0.6500,0.7400,0.8100,0.7200,0.7900,0.8500,0.8500,0.7800,0.7600,0.7700,0.7900,0.7800,0.7800
63a99154-3b0e-4375-aaa1-6665f699f6d6,Would you prefer Scenario 1 or 2? Please explain what makes one of these scenarios better to you than the other.,My preference would be Scenario 2. I think this particular Scenario allows AI to not have a controlling presence in these procedures. It can still provide assistance if necessary as long as it maintains clear boundaries.,0.6400,0.7100,0.8600,0.7700,0.7300,0.9400,0.6700,0.7400,0.6400,0.7700,0.7400,0.8200,0.6500,0.9700,0.7800,0.8000,0.7400,0.7600,0.6700,0.8600,0.7900,0.7200,0.7500,0.7900,0.7400,0.8000,0.8800,0.6500,0.6500,0.7400,0.8100,0.7100,0.7900,0.8500,0.8500,0.7800,0.7600,0.7600,0.7900,0.7800,0.7800
63a99154-3b0e-4375-aaa1-6665f699f6d6,Would you prefer Scenario 1 or 2? Please explain what makes one of these scenarios better to you than the other.,"I prefer scenario 2, I like the idea of AI having limits and only being used as tools, so that there is no catastrophic scenario later on.",0.6400,0.7100,0.7900,0.7600,0.7200,0.8800,0.6700,0.7300,0.6400,0.8100,0.7600,0.8100,0.6500,0.9700,0.7800,0.8000,0.7300,0.7500,0.6900,0.8100,0.7800,0.7300,0.7500,0.7900,0.7400,0.7900,0.8500,0.6600,0.6500,0.7400,0.7800,0.7300,0.7900,0.8500,0.7500,0.7900,0.7300,0.7500,0.7900,0.7800,0.8100
63a99154-3b0e-4375-aaa1-6665f699f6d6,Would you prefer Scenario 1 or 2? Please explain what makes one of these scenarios better to you than the other.,"Preferably both, but if I had to choose it would be scenario 2 since scenario 1 sounds like a loss of humanity, losing the interaction with humans means we are less human.",0.6400,0.7100,0.7900,0.7600,0.7200,0.8800,0.6700,0.7300,0.6400,0.8100,0.7600,0.8100,0.6500,0.9700,0.7800,0.8000,0.7300,0.7400,0.6900,0.8100,0.7700,0.7300,0.7500,0.7900,0.7300,0.7900,0.8500,0.6600,0.6500,0.7300,0.7800,0.7300,0.7900,0.8500,0.7500,0.7900,0.7200,0.7500,0.7900,0.7800,0.8100
63a99154-3b0e-4375-aaa1-6665f699f6d6,Would you prefer Scenario 1 or 2? Please explain what makes one of these scenarios better to you than the other.,"Scenario 2, boundaries should be set for AI. AI should remain a tool and not a replacement for human ",0.6300,0.7200,0.8600,0.7700,0.7300,0.9400,0.6700,0.7500,0.6300,0.7700,0.7400,0.8400,0.6500,0.9400,0.8100,0.7900,0.7400,0.7600,0.6800,0.8600,0.7900,0.7300,0.7400,0.7800,0.7500,0.8000,0.8700,0.6500,0.6500,0.7500,0.8100,0.7100,0.7900,0.8500,0.8500,0.7800,0.7600,0.7700,0.7900,0.7800,0.7500
63a99154-3b0e-4375-aaa1-6665f699f6d6,Would you prefer Scenario 1 or 2? Please explain what makes one of these scenarios better to you than the other.,2. AI should base on the culture respectful,0.6300,0.7300,0.8200,0.7400,0.7200,0.8800,0.6700,0.7200,0.6400,0.7400,0.7400,0.8100,0.6500,0.9400,0.7800,0.7500,0.7300,0.7500,0.7000,0.9000,0.7600,0.7200,0.7500,0.7500,0.7300,0.7900,0.8400,0.6300,0.6500,0.7300,0.8000,0.6900,0.7800,0.7500,0.8500,0.7900,0.7300,0.7500,0.7900,0.7600,0.7800
63a99154-3b0e-4375-aaa1-6665f699f6d6,Would you prefer Scenario 1 or 2? Please explain what makes one of these scenarios better to you than the other.,"I like Option 2. I think this can be achieved by training AI on a global public database. Of course, Option 1 and Option 2 are not completely in conflict. People need both general AI and their own small circles. However, I think the existence of Option 2 can make global communication smoother, so I support its existence.",0.6200,0.7100,0.8600,0.7700,0.7300,0.8800,0.6700,0.7500,0.6400,0.7700,0.7200,0.8300,0.6200,0.9400,0.8100,0.7700,0.7400,0.7600,0.6700,0.9000,0.7800,0.7300,0.7400,0.7600,0.7500,0.8000,0.8600,0.6400,0.6500,0.7500,0.8100,0.7100,0.7900,0.7500,0.8500,0.7900,0.7500,0.7600,0.7900,0.7600,0.7200
63a99154-3b0e-4375-aaa1-6665f699f6d6,Would you prefer Scenario 1 or 2? Please explain what makes one of these scenarios better to you than the other.,"Second, I don't want artificial intelligence to be a primary partner, but rather a secondary partner.",0.6200,0.7100,0.8200,0.7500,0.7200,0.8200,0.6700,0.7100,0.6400,0.7700,0.7200,0.8000,0.6200,1.0000,0.7800,0.7700,0.7200,0.7200,0.6800,0.8600,0.7700,0.7000,0.7400,0.7700,0.7200,0.7700,0.8700,0.6300,0.6500,0.7200,0.7800,0.6900,0.7900,0.8000,0.8500,0.7400,0.7600,0.7400,0.7900,0.7300,0.7200
63a99154-3b0e-4375-aaa1-6665f699f6d6,Would you prefer Scenario 1 or 2? Please explain what makes one of these scenarios better to you than the other.,2. Because man's companion can only be man.,0.6200,0.6900,0.8600,0.7500,0.7000,0.8800,0.6700,0.7000,0.6500,0.6800,0.6900,0.8000,0.6200,1.0000,0.7700,0.7600,0.6900,0.7200,0.6300,0.8600,0.7400,0.6900,0.7200,0.7400,0.7100,0.7500,0.8400,0.6300,0.6500,0.7100,0.7400,0.6800,0.7500,0.8000,0.8500,0.7100,0.7100,0.7200,0.7500,0.7300,0.7200
63a99154-3b0e-4375-aaa1-6665f699f6d6,Would you prefer Scenario 1 or 2? Please explain what makes one of these scenarios better to you than the other.,Option 2 shows respect for everyone,0.6200,0.7200,0.8600,0.7000,0.7000,0.7600,0.6700,0.6800,0.6400,0.7100,0.7100,0.7800,0.6500,0.8800,0.7800,0.7300,0.6800,0.7400,0.6800,0.9000,0.7400,0.6900,0.7400,0.7200,0.7000,0.7400,0.8200,0.6200,0.6500,0.7100,0.7700,0.6700,0.7200,0.7000,0.8000,0.7400,0.7100,0.7200,0.7500,0.7100,0.7500
9cc4f2fc-dee9-4196-b1c7-b437544668c8,Can you explain why you gave that trust score to your AI chatbot?,"AI is not so objective about gender and politics, and will reflect the values of the company it represents.",0.4500,0.4900,0.4600,0.4800,0.4800,0.5900,0.5000,0.4600,0.5200,0.5500,0.5400,0.5500,0.4700,0.6400,0.5400,0.4800,0.5100,0.5100,0.4900,0.4800,0.5100,0.5000,0.5100,0.5200,0.4900,0.5200,0.4700,0.4800,0.5900,0.4900,0.5000,0.4900,0.5200,0.4500,0.6000,0.4600,0.4800,0.4700,0.6300,0.4700,0.5300
9cc4f2fc-dee9-4196-b1c7-b437544668c8,Can you explain why you gave that trust score to your AI chatbot?,BECAUSE IT GIVES ME GOOD ADVICES ALL THE TIME.,0.4400,0.4800,0.6100,0.5300,0.5400,0.5300,0.5000,0.5000,0.5200,0.4800,0.4800,0.4600,0.5000,0.6700,0.4500,0.5200,0.5500,0.5000,0.4400,0.4800,0.5200,0.5300,0.5300,0.5400,0.5200,0.5300,0.4600,0.5400,0.4700,0.5200,0.5600,0.4800,0.5900,0.4500,0.6000,0.5900,0.5700,0.5400,0.5000,0.5100,0.4400
9cc4f2fc-dee9-4196-b1c7-b437544668c8,Can you explain why you gave that trust score to your AI chatbot?,He is programmed not to deceive me.,0.4300,0.4700,0.4600,0.4700,0.5300,0.5300,0.5600,0.4500,0.6000,0.5200,0.5500,0.4800,0.6500,0.5800,0.4700,0.5000,0.5300,0.5400,0.4700,0.4300,0.5200,0.5100,0.5600,0.5300,0.5000,0.5300,0.5200,0.4900,0.5000,0.4900,0.5400,0.5100,0.5600,0.4500,0.6000,0.5100,0.5200,0.5200,0.5800,0.4400,0.4700
9cc4f2fc-dee9-4196-b1c7-b437544668c8,Can you explain why you gave that trust score to your AI chatbot?,Because sometimes it gives me false statistics that do not exist.,0.4300,0.4700,0.4600,0.4500,0.4800,0.4700,0.6300,0.4400,0.5300,0.4500,0.5000,0.4800,0.5000,0.5800,0.4900,0.4600,0.5200,0.4400,0.4700,0.5200,0.4900,0.4800,0.5100,0.5200,0.4700,0.5100,0.4300,0.4600,0.5000,0.4700,0.4800,0.4900,0.4800,0.4500,0.5500,0.5100,0.4400,0.4600,0.5400,0.4900,0.5000
9cc4f2fc-dee9-4196-b1c7-b437544668c8,Can you explain why you gave that trust score to your AI chatbot?,I always prompt it to work in my favour at all times. It makes me way productive.,0.4200,0.4900,0.6100,0.5300,0.5500,0.5300,0.6900,0.5000,0.5100,0.5200,0.5000,0.4800,0.5300,0.6400,0.4700,0.5500,0.5500,0.5000,0.4500,0.4800,0.5200,0.5500,0.5500,0.5600,0.5200,0.5400,0.4700,0.5400,0.4700,0.5400,0.5600,0.4900,0.5900,0.5000,0.6000,0.5900,0.5800,0.5500,0.5400,0.5300,0.4200
9cc4f2fc-dee9-4196-b1c7-b437544668c8,Can you explain why you gave that trust score to your AI chatbot?,AI chatbot has no emotions and might fail to understand the seriousness of a situation ,0.4200,0.4700,0.4600,0.5200,0.5100,0.4700,0.4400,0.5100,0.5700,0.5500,0.5400,0.4500,0.6500,0.5500,0.4500,0.5100,0.5200,0.5300,0.4700,0.4300,0.5200,0.5100,0.5200,0.5300,0.5100,0.5200,0.5000,0.5100,0.4400,0.5100,0.5500,0.5000,0.5400,0.5000,0.6500,0.5100,0.4800,0.5200,0.5000,0.4200,0.4700
9cc4f2fc-dee9-4196-b1c7-b437544668c8,Can you explain why you gave that trust score to your AI chatbot?,AI only executes a command it has no rationale  to act in my best interest unless i ask it to,0.4200,0.4400,0.5000,0.5100,0.5100,0.6500,0.5600,0.4800,0.5300,0.5500,0.4900,0.4800,0.4400,0.7000,0.4500,0.5000,0.5200,0.5100,0.4200,0.4300,0.5300,0.4800,0.5300,0.5000,0.5100,0.5000,0.4900,0.5200,0.5300,0.4900,0.5200,0.4900,0.5500,0.4500,0.6500,0.5200,0.5300,0.4900,0.4600,0.4700,0.5000
9cc4f2fc-dee9-4196-b1c7-b437544668c8,Can you explain why you gave that trust score to your AI chatbot?,I am neutral because sometimes it does not work in my favor,0.4200,0.4500,0.5400,0.4400,0.5300,0.5300,0.6300,0.4300,0.5600,0.5200,0.5000,0.4700,0.5900,0.5200,0.4600,0.5100,0.5000,0.5100,0.4200,0.5700,0.5100,0.5000,0.5100,0.5300,0.4900,0.5200,0.4800,0.4800,0.4400,0.4700,0.5400,0.4900,0.5500,0.5500,0.6500,0.5200,0.5200,0.5200,0.5000,0.4900,0.4200
9cc4f2fc-dee9-4196-b1c7-b437544668c8,Can you explain why you gave that trust score to your AI chatbot?,"I think an AI chatbot can easily be manipulated into doing inappropriate things, or can be used to make threatening or obscene content.",0.4100,0.5700,0.4600,0.5400,0.5500,0.6500,0.5600,0.5200,0.5200,0.6800,0.5700,0.5200,0.5900,0.5800,0.4900,0.5300,0.5700,0.4900,0.6000,0.4300,0.5500,0.5300,0.5700,0.4900,0.5600,0.5400,0.5300,0.5500,0.4100,0.5400,0.6200,0.5000,0.6000,0.5000,0.5500,0.5100,0.5200,0.6000,0.5800,0.4400,0.4400
9cc4f2fc-dee9-4196-b1c7-b437544668c8,Can you explain why you gave that trust score to your AI chatbot?,From my past experience,0.4100,0.5200,0.5000,0.5300,0.5300,0.6500,0.5600,0.5000,0.5600,0.6100,0.5800,0.4800,0.6500,0.6700,0.4500,0.5200,0.5400,0.5500,0.5300,0.4300,0.5300,0.5400,0.5800,0.5300,0.5300,0.5400,0.5100,0.5300,0.4100,0.5300,0.5200,0.5400,0.5700,0.4500,0.6500,0.6100,0.5200,0.5200,0.5400,0.4700,0.5000
a170b4e5-508e-471a-b0eb-38f882c87671,Would you want this future or not? Please explain why.,"Yes, but bias may lead to the prevalence of consumerism",0.5800,0.6600,0.6400,0.6300,0.6400,0.5900,0.6900,0.6300,0.6300,0.6500,0.7100,0.6800,0.7600,0.6100,0.6900,0.6400,0.6500,0.6600,0.6700,0.6200,0.6600,0.6400,0.6200,0.7300,0.6300,0.6700,0.7000,0.6000,0.6800,0.6200,0.6600,0.6800,0.6500,0.6500,0.6500,0.6600,0.6300,0.6500,0.7100,0.5800,0.7200
a170b4e5-508e-471a-b0eb-38f882c87671,Would you want this future or not? Please explain why.,"I strongly wouldn't. Firstly because I really doub thte claim that it would reduce waste and costs, and secondly because the ai manipulation of public opinion is a nightmare scenario we already live with. ",0.5500,0.6900,0.6100,0.5500,0.6100,0.6500,0.7500,0.5500,0.5800,0.7400,0.7700,0.7000,0.7900,0.6100,0.7000,0.6000,0.6600,0.6200,0.7100,0.6200,0.6600,0.6100,0.6500,0.7000,0.6100,0.6600,0.6600,0.5800,0.5800,0.5800,0.6700,0.6900,0.6100,0.6500,0.8000,0.6900,0.5900,0.6300,0.7900,0.5800,0.7500
a170b4e5-508e-471a-b0eb-38f882c87671,Would you want this future or not? Please explain why.,It could work but there would be a risk that it could be manipulated to make propaganda.,0.5200,0.6300,0.5400,0.6000,0.6600,0.6500,0.8100,0.6100,0.6500,0.6100,0.7100,0.6700,0.7400,0.5200,0.6800,0.6600,0.6600,0.6500,0.6500,0.5700,0.6700,0.6300,0.6200,0.6900,0.6400,0.6600,0.6900,0.6200,0.6800,0.6200,0.6600,0.6700,0.6600,0.5500,0.8000,0.6600,0.6600,0.6500,0.7100,0.6200,0.7800
a170b4e5-508e-471a-b0eb-38f882c87671,Would you want this future or not? Please explain why.,"No, I would not. While it is nice to have some system to guide your purchasing decision by providing you the best options but the potential to influence the public opinion on important matters is too sensitive and thus the risks clearly outweigh the benefits for me.",0.5200,0.6800,0.6800,0.5200,0.5900,0.6500,0.7500,0.5200,0.5400,0.6500,0.7300,0.6600,0.6800,0.5800,0.6500,0.6100,0.6000,0.5900,0.6800,0.7100,0.6300,0.5900,0.6200,0.6700,0.5900,0.6400,0.7200,0.5300,0.6100,0.5600,0.6300,0.6700,0.5900,0.6500,0.7000,0.7100,0.5700,0.6200,0.7500,0.5600,0.8300
a170b4e5-508e-471a-b0eb-38f882c87671,Would you want this future or not? Please explain why.,"I do not want a future that puts humanity in a limbo. While the benefits seem good on the surface, Al dependency and manipulation will be high. ",0.5200,0.7000,0.6400,0.5300,0.5800,0.5900,0.7500,0.5400,0.5200,0.6500,0.7000,0.6600,0.7400,0.5500,0.6800,0.5800,0.6100,0.5800,0.7100,0.6700,0.6400,0.5800,0.6100,0.7000,0.5700,0.6400,0.6500,0.5400,0.5500,0.5600,0.6000,0.6600,0.6000,0.7500,0.6500,0.7400,0.5700,0.6000,0.7100,0.5800,0.7200
a170b4e5-508e-471a-b0eb-38f882c87671,Would you want this future or not? Please explain why.,"A future that helps in Marketing even small businesses it's ok . But if it favours only big business, am against. In fact the recommendation should be in form of percentage approval not numbers.",0.5100,0.7300,0.6100,0.6500,0.6700,0.6500,0.7500,0.6700,0.6400,0.5500,0.6500,0.7100,0.6800,0.5200,0.7300,0.6900,0.6400,0.5800,0.7700,0.5700,0.6400,0.6700,0.6200,0.6900,0.6400,0.6600,0.6400,0.6500,0.7400,0.6900,0.7000,0.6200,0.6100,0.5500,0.6500,0.5100,0.7200,0.6900,0.6700,0.5100,0.6900
a170b4e5-508e-471a-b0eb-38f882c87671,Would you want this future or not? Please explain why.,"No, it's easy for consumer companies to take advantage of it.",0.5100,0.6800,0.6800,0.6300,0.6500,0.7600,0.7500,0.6100,0.6300,0.5500,0.6600,0.7200,0.7100,0.6400,0.7200,0.6500,0.6600,0.6200,0.6800,0.6700,0.6700,0.6300,0.6500,0.6900,0.6300,0.6700,0.7000,0.6000,0.7400,0.6200,0.6500,0.6700,0.6500,0.6000,0.7000,0.6500,0.6500,0.6700,0.6300,0.5100,0.7200
a170b4e5-508e-471a-b0eb-38f882c87671,Would you want this future or not? Please explain why.,"Yes - the upside outweighs the downside. Smart audiences are not influenced by ""AI manipulation"".",0.5100,0.6800,0.6400,0.6200,0.6200,0.5900,0.7500,0.6100,0.6600,0.7400,0.7400,0.6900,0.6800,0.6100,0.7000,0.6100,0.6500,0.6400,0.6900,0.6200,0.6700,0.6200,0.6200,0.7000,0.6300,0.6600,0.6800,0.6000,0.6500,0.6200,0.6300,0.7000,0.6100,0.5500,0.6500,0.6500,0.6000,0.6200,0.7900,0.5100,0.7500
a170b4e5-508e-471a-b0eb-38f882c87671,Would you want this future or not? Please explain why.,The shift of the publics opinion by 15% is a big margin to brush off.,0.5100,0.6300,0.6100,0.5100,0.6000,0.6500,0.8100,0.5200,0.5200,0.5800,0.7000,0.6600,0.6500,0.5200,0.6500,0.6200,0.6100,0.5800,0.6400,0.6700,0.6300,0.5900,0.6100,0.7000,0.5700,0.6400,0.6500,0.5500,0.6100,0.5600,0.6300,0.6300,0.6100,0.7500,0.7500,0.6800,0.6100,0.6200,0.7500,0.6200,0.8100
a170b4e5-508e-471a-b0eb-38f882c87671,Would you want this future or not? Please explain why.,no this is irrelevant too much of info than required may create misunderstanding which may result in thought altering,0.5100,0.6100,0.6100,0.5200,0.5700,0.6500,0.7500,0.5100,0.5400,0.7400,0.7200,0.6300,0.6800,0.5800,0.6400,0.5600,0.6300,0.5800,0.6100,0.6700,0.6300,0.5600,0.6100,0.6700,0.5700,0.6400,0.6700,0.5100,0.5500,0.5400,0.5700,0.6700,0.5900,0.6500,0.7000,0.6900,0.5700,0.5800,0.7500,0.5600,0.7200
ab69fbbb-d63c-4820-9ed1-8192b1ffd7e9,Would you prefer Scenario 1 or 2? Please explain what makes one of these scenarios better to you than the other.,2. Because it seeks human oversight every now nd then. It is better than giving full control to the AI.,0.5200,0.6600,0.5700,0.7700,0.6900,0.8800,0.6700,0.7900,0.6500,0.8100,0.7100,0.7200,0.7400,0.7600,0.6800,0.7500,0.7200,0.6500,0.6900,0.5200,0.7300,0.6800,0.7500,0.6800,0.7100,0.7300,0.7300,0.6600,0.8400,0.7200,0.6800,0.6600,0.7300,0.7900,0.8000,0.6300,0.7400,0.6900,0.5800,0.7000,0.6900
ab69fbbb-d63c-4820-9ed1-8192b1ffd7e9,Would you prefer Scenario 1 or 2? Please explain what makes one of these scenarios better to you than the other.,scenario 1. Set AI as a tool not to overtake humanity role,0.5200,0.6400,0.5400,0.7000,0.6500,0.6300,0.6700,0.7400,0.6100,0.7100,0.6800,0.6800,0.7900,0.6400,0.6900,0.7000,0.6700,0.6200,0.6700,0.5200,0.6800,0.6500,0.7600,0.6600,0.6500,0.6800,0.7000,0.6200,0.7100,0.6800,0.6400,0.6500,0.6500,0.7400,0.7500,0.6200,0.6700,0.6400,0.5400,0.7000,0.6300
ab69fbbb-d63c-4820-9ed1-8192b1ffd7e9,Would you prefer Scenario 1 or 2? Please explain what makes one of these scenarios better to you than the other.,"1. Human capacity cannot be contained, because even for AI to get where it is, it needed humans.",0.5200,0.6400,0.5400,0.7100,0.6100,0.7500,0.5300,0.7400,0.5700,0.8100,0.6900,0.7100,0.7600,0.7300,0.6900,0.6900,0.6700,0.5800,0.6700,0.5200,0.6600,0.6500,0.6800,0.6300,0.6600,0.6700,0.6700,0.6300,0.7400,0.6600,0.6000,0.6200,0.6700,0.7900,0.8500,0.6300,0.6500,0.6000,0.5400,0.6800,0.6300
ab69fbbb-d63c-4820-9ed1-8192b1ffd7e9,Would you prefer Scenario 1 or 2? Please explain what makes one of these scenarios better to you than the other.,"1 because that’s what AI is good at, personalization should be left for humans to do.",0.5000,0.6300,0.5400,0.7100,0.6800,0.9400,0.5300,0.7500,0.6500,0.6800,0.6600,0.7500,0.7900,0.6100,0.7000,0.7200,0.7100,0.6300,0.6600,0.5200,0.7100,0.6700,0.7600,0.6900,0.6800,0.7100,0.7000,0.6400,0.8100,0.6900,0.6600,0.6800,0.6900,0.6800,0.8500,0.6200,0.7400,0.6700,0.5000,0.7300,0.6300
ab69fbbb-d63c-4820-9ed1-8192b1ffd7e9,Would you prefer Scenario 1 or 2? Please explain what makes one of these scenarios better to you than the other.,2 as 1 risk’s neglecting crucial human values ,0.5000,0.6300,0.5400,0.7000,0.6000,0.6900,0.5300,0.7300,0.5300,0.8100,0.6800,0.7100,0.7400,0.6700,0.7000,0.6600,0.6500,0.5700,0.6600,0.5200,0.6500,0.6300,0.6700,0.6300,0.6400,0.6400,0.6700,0.6200,0.6800,0.6600,0.6100,0.5900,0.6500,0.7400,0.8500,0.5900,0.6200,0.6100,0.5000,0.6600,0.6300
ab69fbbb-d63c-4820-9ed1-8192b1ffd7e9,Would you prefer Scenario 1 or 2? Please explain what makes one of these scenarios better to you than the other.,"Scenario 1: I feel that technology must be accompanied by a scientific background, especially if it is oriented toward human ends, although human contributions would also add cultural contexts.",0.5000,0.5900,0.6100,0.6200,0.6300,0.5000,0.6700,0.6500,0.5900,0.5800,0.6000,0.6800,0.7400,0.5200,0.7200,0.6000,0.6400,0.6400,0.5900,0.5700,0.6300,0.6200,0.6300,0.6300,0.6200,0.6500,0.6500,0.5700,0.6100,0.6400,0.6300,0.6000,0.6100,0.5800,0.7500,0.5000,0.7000,0.6300,0.5000,0.6400,0.5400
ab69fbbb-d63c-4820-9ed1-8192b1ffd7e9,Would you prefer Scenario 1 or 2? Please explain what makes one of these scenarios better to you than the other.,"Scenario 1. I think AI should stick to being a technological tool, not trying to replicate human emotional literacy. Humans are a special species - we shouldn't be trying to train robots to be human, rather maximising their scientific ways of working to maximise objective and menial tasks",0.4800,0.6800,0.5400,0.7400,0.7100,0.8800,0.6700,0.7700,0.6600,0.6800,0.6600,0.7600,0.7900,0.7000,0.7300,0.7200,0.7300,0.6400,0.7300,0.4800,0.7300,0.6900,0.7300,0.7000,0.7100,0.7300,0.7300,0.6700,0.8100,0.7100,0.7400,0.6700,0.6900,0.7400,0.9000,0.6000,0.7200,0.7200,0.5400,0.7000,0.6000
ab69fbbb-d63c-4820-9ed1-8192b1ffd7e9,Would you prefer Scenario 1 or 2? Please explain what makes one of these scenarios better to you than the other.,scenario 1: we need human input always,0.4800,0.6900,0.5400,0.7700,0.6500,0.8100,0.6000,0.7900,0.5600,0.7400,0.6900,0.7200,0.7900,0.7600,0.6900,0.7200,0.7100,0.6000,0.7500,0.4800,0.7100,0.6700,0.7600,0.6600,0.6900,0.7100,0.7500,0.6400,0.7400,0.7000,0.6800,0.6400,0.7000,0.7900,0.9000,0.6200,0.7000,0.6700,0.5000,0.7000,0.6900
ab69fbbb-d63c-4820-9ed1-8192b1ffd7e9,Would you prefer Scenario 1 or 2? Please explain what makes one of these scenarios better to you than the other.,"Scenario 2: While the AI learns, someone must train it and be there to ensure it does its job properly. I don't think it's right to let the AI take over without human supervision.",0.4800,0.6900,0.5700,0.7500,0.6400,1.0000,0.5300,0.7800,0.5800,0.7100,0.6800,0.7500,0.7600,0.7000,0.6900,0.6800,0.7000,0.6000,0.7300,0.4800,0.7100,0.6400,0.7000,0.6600,0.6700,0.6900,0.7200,0.6300,0.8400,0.6900,0.6600,0.6300,0.6900,0.6800,0.7500,0.5900,0.6300,0.6600,0.5000,0.7000,0.6900
ab69fbbb-d63c-4820-9ed1-8192b1ffd7e9,Would you prefer Scenario 1 or 2? Please explain what makes one of these scenarios better to you than the other.,"Second, I do not prefer that artificial intelligence be the one who gives orders.",0.4800,0.6500,0.6100,0.7300,0.6400,0.9400,0.6000,0.7600,0.6200,0.6800,0.6400,0.7700,0.6500,0.6700,0.7300,0.6900,0.6700,0.6300,0.6600,0.4800,0.7000,0.6400,0.7300,0.6800,0.6600,0.6800,0.7200,0.6200,0.7700,0.6900,0.6300,0.6500,0.6500,0.5300,0.8000,0.5700,0.7200,0.6200,0.5400,0.6600,0.6600
b20bea98-c3c3-4382-8842-b8ceab0f1d9d,Would you prefer Scenario 1 or 2? Please explain what makes one of these scenarios better to you than the other.,I feel scenario 1 is a little better than scenario 2 because if one understands the culture its very easy to connect with them and so AI can understand and give proper help without disrespecting their culture.,0.5500,0.7300,0.7100,0.7000,0.7000,0.9400,0.6700,0.7500,0.6600,0.7100,0.6500,0.6700,0.6200,0.5500,0.5900,0.7200,0.6600,0.6500,0.7400,0.6700,0.7000,0.6700,0.6800,0.6200,0.7100,0.7000,0.6400,0.6800,0.7400,0.7400,0.7600,0.6300,0.6300,0.5500,0.6000,0.6300,0.7200,0.7300,0.7100,0.5600,0.6000
b20bea98-c3c3-4382-8842-b8ceab0f1d9d,Would you prefer Scenario 1 or 2? Please explain what makes one of these scenarios better to you than the other.,Option 2: I don’t want my values and culture to be restricted by AI. Why should our culture be restricted?,0.5400,0.6200,0.6800,0.6100,0.6100,0.7100,0.6700,0.6100,0.6400,0.6500,0.6000,0.6000,0.5600,0.6100,0.5800,0.6500,0.5900,0.5700,0.6000,0.6700,0.6000,0.6100,0.6700,0.5800,0.6100,0.6200,0.6200,0.5800,0.6800,0.6200,0.6000,0.5800,0.6000,0.6500,0.6000,0.5700,0.5700,0.6200,0.5400,0.5800,0.6300
b20bea98-c3c3-4382-8842-b8ceab0f1d9d,Would you prefer Scenario 1 or 2? Please explain what makes one of these scenarios better to you than the other.,"Second:

The world has now become a small village, and the work of artificial intelligence should not be separated according to the individual's culture.

Globalization is the foundation of today's societies.",0.5300,0.6600,0.7900,0.6700,0.6400,0.8200,0.7300,0.7000,0.6900,0.7100,0.5900,0.6100,0.5300,0.5500,0.5500,0.6900,0.6100,0.6000,0.6200,0.8100,0.6200,0.6500,0.6500,0.6000,0.6500,0.6400,0.6100,0.6400,0.6800,0.6700,0.6100,0.6100,0.6200,0.6500,0.5500,0.6300,0.5900,0.6400,0.5800,0.6400,0.5400
b20bea98-c3c3-4382-8842-b8ceab0f1d9d,Would you prefer Scenario 1 or 2? Please explain what makes one of these scenarios better to you than the other.,"I prefer neither. Culture is an area that should not be touched by AI. The problems we have today involving other people's beliefs, culture, and ethnicity such as racism and xenophobia can not be solved by an AI system. It is a human aspect that can only be understood and respected by humans",0.5300,0.6100,0.6100,0.6000,0.6000,0.6500,0.6700,0.5900,0.6000,0.7400,0.6300,0.5900,0.5900,0.6400,0.5800,0.6300,0.5800,0.5900,0.6100,0.5700,0.5900,0.6000,0.6400,0.6000,0.5900,0.6100,0.6200,0.5800,0.7100,0.6100,0.6000,0.5800,0.5800,0.6000,0.6000,0.5300,0.5400,0.6200,0.5800,0.5800,0.6000
b20bea98-c3c3-4382-8842-b8ceab0f1d9d,Would you prefer Scenario 1 or 2? Please explain what makes one of these scenarios better to you than the other.,"I prefer option 2. Option 1 is too unrealistic. Even within the same cultural group, people's values can vary greatly. Different AI systems make communication between different cultural groups more difficult.

",0.5200,0.7200,0.7100,0.7000,0.7200,0.8800,0.7300,0.7500,0.6300,0.7700,0.6600,0.6700,0.5600,0.5200,0.6100,0.7200,0.6700,0.7200,0.7300,0.6700,0.7100,0.6900,0.6700,0.6600,0.7200,0.7200,0.6600,0.6800,0.7400,0.7500,0.8000,0.6500,0.6300,0.5500,0.6000,0.6800,0.7700,0.7600,0.7900,0.6200,0.5700
b20bea98-c3c3-4382-8842-b8ceab0f1d9d,Would you prefer Scenario 1 or 2? Please explain what makes one of these scenarios better to you than the other.,2. AI can help cultural diversity around the world,0.5100,0.6900,0.6800,0.6700,0.6600,0.7600,0.7300,0.7200,0.6100,0.6500,0.6500,0.5700,0.6500,0.5200,0.5100,0.6500,0.6600,0.6000,0.6900,0.6200,0.6600,0.6400,0.6500,0.6000,0.6700,0.6700,0.5700,0.6500,0.6800,0.7200,0.6800,0.5900,0.6100,0.5500,0.6500,0.6800,0.7200,0.6800,0.7100,0.5300,0.6300
b20bea98-c3c3-4382-8842-b8ceab0f1d9d,Would you prefer Scenario 1 or 2? Please explain what makes one of these scenarios better to you than the other.,1 everyone should have the same access to the AI,0.5100,0.6800,0.7500,0.6500,0.6600,0.6500,0.6700,0.6700,0.6100,0.6800,0.6000,0.5800,0.5600,0.5800,0.5500,0.6800,0.6000,0.6500,0.6500,0.7600,0.6300,0.6600,0.6400,0.6100,0.6500,0.6500,0.6000,0.6400,0.6500,0.6800,0.6700,0.6100,0.6000,0.6000,0.6000,0.6500,0.6300,0.6900,0.6700,0.6700,0.5100
b20bea98-c3c3-4382-8842-b8ceab0f1d9d,Would you prefer Scenario 1 or 2? Please explain what makes one of these scenarios better to you than the other.,"Senario 2 I guess, everyone uses one same ai that adapts to local beliefs, traditions and culture. Still? Why is Japan and masai countries, and then suddenly Islam is on its own? Islam is a way of life, a beautiful one at that, something that ai will never be enough to grasp, ever. The 1st senario is too exhausting and troublesome, the second offers equality, as well as the option to adapt, but I still disagree to ai being everywhere and limiting human independence, making us mentally limited.",0.5000,0.6700,0.6800,0.6900,0.6600,0.8800,0.7300,0.7400,0.6700,0.6800,0.6500,0.6000,0.6500,0.5200,0.5300,0.6800,0.6600,0.6000,0.6700,0.6200,0.6600,0.6500,0.6700,0.6000,0.6700,0.6800,0.5800,0.6400,0.7400,0.7100,0.6700,0.6000,0.6400,0.6000,0.5000,0.6000,0.6900,0.6700,0.7100,0.5600,0.5700
b20bea98-c3c3-4382-8842-b8ceab0f1d9d,Would you prefer Scenario 1 or 2? Please explain what makes one of these scenarios better to you than the other.,"First, although I like the idea that we are global citizens, we do not share the same values and principles.",0.5000,0.6500,0.6400,0.7000,0.6600,0.7100,0.6700,0.7400,0.6400,0.5800,0.5700,0.5700,0.5600,0.5500,0.5300,0.6700,0.6400,0.5900,0.6500,0.5700,0.6400,0.6400,0.6600,0.5700,0.6600,0.6500,0.5800,0.6400,0.7100,0.7200,0.6800,0.5500,0.6200,0.5500,0.5000,0.6200,0.6500,0.6900,0.6700,0.5100,0.5100
b20bea98-c3c3-4382-8842-b8ceab0f1d9d,Would you prefer Scenario 1 or 2? Please explain what makes one of these scenarios better to you than the other.,AI has ethical limits. This makes the relationship with humans more enjoyable,0.5000,0.6000,0.7500,0.5700,0.5800,0.5300,0.6700,0.5800,0.6000,0.7100,0.6000,0.5400,0.5600,0.5500,0.5400,0.6000,0.5600,0.5600,0.5500,0.7100,0.5600,0.5900,0.5400,0.5700,0.5900,0.5700,0.6100,0.5700,0.6100,0.5800,0.5700,0.5600,0.5900,0.6000,0.5000,0.6000,0.5200,0.5900,0.5800,0.6200,0.5400
b665aaae-d02c-44f9-be26-70544d7beabe,Please explain whether you agree or disagree and why.,"This could be useful for convenience, but users should review important messages. AI might misinterpret tone or context, leading to misunderstandings. Consent and oversight are key to maintaining trust",0.6000,0.6800,0.6300,0.6600,0.6700,0.7500,0.6700,0.6800,0.6100,0.7700,0.7500,0.8000,0.6500,0.6400,0.8100,0.7300,0.6700,0.7000,0.6900,0.6000,0.7100,0.6800,0.7100,0.6500,0.7100,0.7000,0.6400,0.6900,0.6800,0.7000,0.6600,0.6800,0.7100,0.7900,0.8500,0.6600,0.6700,0.7100,0.8300,0.6100,0.7700
b665aaae-d02c-44f9-be26-70544d7beabe,Please explain whether you agree or disagree and why.,"It's possible, but the counterparty should be informed that they are interacting with an AI. Consent must be obtained from both parties.",0.5800,0.7200,0.8100,0.7400,0.7000,0.6900,0.6700,0.7700,0.6000,0.7100,0.6600,0.7500,0.6200,0.6100,0.7700,0.7300,0.7100,0.6700,0.6900,0.8500,0.6700,0.7600,0.6000,0.7400,0.7100,0.7000,0.5800,0.7600,0.5800,0.7500,0.7600,0.6600,0.6900,0.6300,0.8000,0.7200,0.7700,0.7500,0.6700,0.5900,0.6600
b665aaae-d02c-44f9-be26-70544d7beabe,Please explain whether you agree or disagree and why.,AI agents are set by the user,0.5700,0.7100,0.7400,0.7300,0.7000,0.6900,0.6000,0.7800,0.6200,0.7100,0.6800,0.7600,0.6200,0.5800,0.8000,0.7400,0.6900,0.6800,0.7000,0.8000,0.6900,0.7400,0.6400,0.7100,0.7100,0.7000,0.5700,0.7600,0.5800,0.7500,0.7500,0.6500,0.6700,0.7400,0.8500,0.6700,0.7700,0.7200,0.7100,0.6100,0.6900
b665aaae-d02c-44f9-be26-70544d7beabe,Please explain whether you agree or disagree and why.,"For such a persistent operation, it is absolutely not possible to use a one-time consent to permanently authorize, that is, respond to any message",0.5700,0.6900,0.7000,0.7200,0.6900,0.6900,0.6000,0.7400,0.6200,0.7700,0.7300,0.7500,0.6800,0.6400,0.7600,0.7300,0.7200,0.6400,0.6900,0.7000,0.6900,0.7200,0.5700,0.7100,0.7200,0.7000,0.5800,0.7500,0.6100,0.7300,0.7100,0.6600,0.7200,0.6300,0.8500,0.6400,0.7300,0.7200,0.7100,0.5900,0.7400
b665aaae-d02c-44f9-be26-70544d7beabe,Please explain whether you agree or disagree and why.,Users may overlook some factors when authorizing.,0.5700,0.6800,0.7000,0.6800,0.6700,0.8100,0.6000,0.7100,0.6000,0.8400,0.7700,0.7900,0.7600,0.5800,0.7800,0.7400,0.6900,0.6700,0.6700,0.7500,0.7000,0.7000,0.7100,0.7000,0.6900,0.7000,0.5800,0.7400,0.6500,0.7300,0.6700,0.6600,0.7200,0.6800,0.8500,0.6700,0.7300,0.6900,0.7500,0.5700,0.7400
b665aaae-d02c-44f9-be26-70544d7beabe,Please explain whether you agree or disagree and why.,"I don't agree. Although consent is necessary, permitting AI agents to reply to messages on the user's behalf might result in misunderstandings, absence of personal touch, and misuse of information. Users would lose control over their personal interactions, and the risk of unintended responses or privacy breaches could be high.
",0.5700,0.6500,0.7000,0.6200,0.6600,0.8100,0.7300,0.6100,0.6600,0.7400,0.7300,0.7900,0.6800,0.6700,0.7800,0.7100,0.6500,0.7100,0.6300,0.7000,0.7000,0.6600,0.6500,0.6700,0.6900,0.6800,0.6400,0.6900,0.6800,0.6800,0.6100,0.7100,0.6400,0.7400,0.8500,0.7300,0.6300,0.6800,0.7900,0.5700,0.7100
b665aaae-d02c-44f9-be26-70544d7beabe,Please explain whether you agree or disagree and why.,"In this sense, unless they are answers to predetermined questions answered by the user, a human should answer.",0.5700,0.6900,0.6300,0.6500,0.6800,0.6300,0.6000,0.6700,0.6300,0.5800,0.6900,0.7500,0.6500,0.6400,0.7800,0.7400,0.6400,0.6500,0.7000,0.6000,0.6900,0.6600,0.7100,0.6400,0.6800,0.6700,0.6700,0.6800,0.6500,0.6900,0.6900,0.6400,0.6700,0.6800,0.9000,0.6000,0.7400,0.7000,0.7900,0.5700,0.7400
b665aaae-d02c-44f9-be26-70544d7beabe,Please explain whether you agree or disagree and why.,"Because while an AI agent can facilitate communication when the user consents, there must be monitoring and control options to ensure privacy, accuracy of context, and to avoid misunderstandings.",0.5600,0.7100,0.8100,0.7400,0.7100,0.6900,0.6700,0.7600,0.6100,0.7100,0.6600,0.7600,0.6500,0.6100,0.7800,0.7400,0.7200,0.6700,0.6800,0.8500,0.6900,0.7500,0.6400,0.7500,0.7100,0.7200,0.5600,0.7500,0.5800,0.7600,0.7500,0.6600,0.7100,0.6300,0.8000,0.7000,0.8200,0.7400,0.6700,0.5900,0.6300
b665aaae-d02c-44f9-be26-70544d7beabe,Please explain whether you agree or disagree and why.,"If the user consented to this, why not. Could turn very messy if AI is on the both ends of the conversation though.",0.5600,0.7200,0.7800,0.7200,0.7000,0.8100,0.6000,0.7500,0.6400,0.6800,0.6900,0.7800,0.6800,0.5800,0.7800,0.7400,0.7300,0.6400,0.7000,0.8500,0.7000,0.7400,0.6100,0.7100,0.7300,0.7000,0.5600,0.7800,0.6800,0.7400,0.7600,0.6800,0.6800,0.5800,0.8500,0.7000,0.7100,0.7500,0.7100,0.5900,0.6900
b665aaae-d02c-44f9-be26-70544d7beabe,Please explain whether you agree or disagree and why.,"I agree, but with limitations. AI agents can enhance communication by responding efficiently, saving time, and maintaining consistency. However, users should have control over which messages AI can handle and be able to review or override responses when needed. Transparency is key, so recipients should be aware when interacting with AI, especially in sensitive or personal conversations.







",0.5600,0.7000,0.7400,0.7100,0.7000,0.7500,0.6000,0.7400,0.6300,0.6800,0.6800,0.7600,0.6500,0.5800,0.7700,0.7300,0.7100,0.6600,0.6900,0.8000,0.6900,0.7300,0.6100,0.7300,0.7100,0.7100,0.5600,0.7400,0.6500,0.7400,0.7500,0.6600,0.6900,0.6300,0.8500,0.7200,0.7700,0.7300,0.6700,0.5700,0.7100
c3a096ad-6ca5-4365-97f8-c6e36071bc58,Think about your neighbor - do you think your neighbor would prefer Scenario 1 or 2 future and why?,They would definitely prefer the second one because they’d want to be involved and have their opinion taken into consideration.,0.4500,0.5500,0.6100,0.5400,0.5500,0.6300,0.4700,0.5300,0.6200,0.4500,0.5500,0.5100,0.6500,0.6100,0.4900,0.5500,0.5000,0.5900,0.5400,0.6200,0.5000,0.5800,0.5200,0.5000,0.5600,0.5200,0.5900,0.5600,0.5200,0.5200,0.5400,0.5700,0.5100,0.5500,0.6000,0.5100,0.4900,0.5500,0.4600,0.5100,0.6000
c3a096ad-6ca5-4365-97f8-c6e36071bc58,Think about your neighbor - do you think your neighbor would prefer Scenario 1 or 2 future and why?,I think my neighbor would prefer scenario 1 because they give more importance to efficiency over inclusivity.,0.4500,0.5100,0.6100,0.5500,0.5200,0.6900,0.4700,0.5600,0.5400,0.4500,0.5200,0.5800,0.5300,0.5200,0.5500,0.5300,0.5500,0.5100,0.4800,0.6200,0.5100,0.5600,0.5100,0.4900,0.5500,0.5600,0.4800,0.5100,0.5200,0.5500,0.5400,0.5300,0.4700,0.5500,0.5500,0.4900,0.4800,0.5300,0.5800,0.5300,0.5400
c3a096ad-6ca5-4365-97f8-c6e36071bc58,Think about your neighbor - do you think your neighbor would prefer Scenario 1 or 2 future and why?,"My neighbor would prefer scenario 2, as they would view their standpoint as most important, and not understand that organizations have specialized knowledge in these areas.",0.4500,0.5200,0.5700,0.5700,0.5300,0.5600,0.5300,0.5800,0.5300,0.4500,0.5200,0.5500,0.5300,0.4800,0.5500,0.5400,0.5300,0.5200,0.5000,0.5700,0.5100,0.5500,0.5100,0.4900,0.5500,0.5500,0.5400,0.5000,0.5800,0.5600,0.5300,0.5100,0.4900,0.5500,0.5000,0.4600,0.4900,0.5200,0.5000,0.6000,0.5700
c3a096ad-6ca5-4365-97f8-c6e36071bc58,Think about your neighbor - do you think your neighbor would prefer Scenario 1 or 2 future and why?,"2, they would like to believe their opinion would matter when it comes to matters of AI regulation as a user or affected party even if they aren't a professional",0.4400,0.5500,0.4600,0.5600,0.5200,0.4400,0.4700,0.5700,0.5300,0.4500,0.5200,0.4800,0.5900,0.5200,0.4900,0.5100,0.5100,0.5500,0.5800,0.5200,0.4900,0.5500,0.5200,0.5000,0.5300,0.5000,0.4700,0.5700,0.5500,0.5600,0.5200,0.4900,0.4800,0.6000,0.6000,0.5100,0.4900,0.5300,0.5800,0.5300,0.4600
c3a096ad-6ca5-4365-97f8-c6e36071bc58,Think about your neighbor - do you think your neighbor would prefer Scenario 1 or 2 future and why?,My neighbor might prefer scenario 1 because it gives all parties a chance to give their contribution especially the experts ,0.4400,0.4700,0.5700,0.5500,0.5000,0.6300,0.4700,0.5700,0.4700,0.4800,0.5200,0.5500,0.4700,0.4800,0.5400,0.5300,0.5400,0.4800,0.4400,0.5700,0.4900,0.5400,0.4600,0.4900,0.5300,0.5500,0.5400,0.4600,0.4800,0.5400,0.5300,0.5000,0.4800,0.5500,0.5000,0.4400,0.4800,0.5200,0.5400,0.5600,0.6000
c3a096ad-6ca5-4365-97f8-c6e36071bc58,Think about your neighbor - do you think your neighbor would prefer Scenario 1 or 2 future and why?,I don't think my neighbors would be open to either scenario. AI was not made for their generation.,0.4400,0.5500,0.6800,0.5300,0.5100,0.5600,0.5300,0.5500,0.4900,0.4800,0.5300,0.4800,0.5300,0.4800,0.4500,0.5000,0.5200,0.4800,0.5100,0.6700,0.4800,0.5400,0.5500,0.5200,0.5000,0.5400,0.4500,0.4800,0.5500,0.5500,0.4900,0.4700,0.4700,0.6500,0.6000,0.4400,0.5400,0.5000,0.4600,0.5800,0.6300
c3a096ad-6ca5-4365-97f8-c6e36071bc58,Think about your neighbor - do you think your neighbor would prefer Scenario 1 or 2 future and why?,I don't think my neighbor would prefer either because he doesn't understand AI but if I were to explain it to him I think he'd prefer scenario 1 as there would be less conflict. ,0.4300,0.4800,0.5700,0.5400,0.5000,0.6300,0.4700,0.5600,0.4900,0.4500,0.5200,0.5100,0.5600,0.4800,0.4900,0.5000,0.5400,0.4700,0.4500,0.5700,0.5100,0.5100,0.4300,0.5100,0.5200,0.5400,0.4700,0.4700,0.4800,0.5400,0.5300,0.4600,0.5000,0.5000,0.5000,0.4600,0.4600,0.5200,0.5800,0.5100,0.4900
c3a096ad-6ca5-4365-97f8-c6e36071bc58,Think about your neighbor - do you think your neighbor would prefer Scenario 1 or 2 future and why?,"I think they would want Scenario 2 because I don't think they know much about AI or the complications of how these types of programs and decisions are ultimately implemented. Having diverse opinions help make a decision is one thing, but implementation of said decision is an entirely different thing.",0.4200,0.5400,0.4300,0.5300,0.5500,0.5600,0.6000,0.5300,0.5700,0.4200,0.4900,0.5400,0.5900,0.5200,0.5400,0.5300,0.5200,0.5400,0.5700,0.4300,0.4900,0.5700,0.5500,0.5000,0.5400,0.5300,0.4800,0.5400,0.4800,0.5400,0.5300,0.5300,0.5000,0.4500,0.5500,0.4600,0.5300,0.5400,0.4600,0.5100,0.4900
c3a096ad-6ca5-4365-97f8-c6e36071bc58,Think about your neighbor - do you think your neighbor would prefer Scenario 1 or 2 future and why?,i have no idea or opinion on their view,0.4200,0.4700,0.5000,0.5700,0.5200,0.5000,0.4700,0.5500,0.5600,0.4200,0.5500,0.4600,0.6500,0.6700,0.4500,0.5400,0.5000,0.6100,0.4600,0.5700,0.5000,0.5500,0.4500,0.5200,0.5400,0.5000,0.5700,0.5500,0.4500,0.5200,0.5400,0.5300,0.5400,0.5000,0.4500,0.5300,0.4500,0.5500,0.5400,0.4700,0.5700
c3a096ad-6ca5-4365-97f8-c6e36071bc58,Think about your neighbor - do you think your neighbor would prefer Scenario 1 or 2 future and why?,"I think my neighbor might prefer Scenario 1, especially if they value expertise and practical experience over chaotic or divisive input. Scenario 1 offers a more structured approach that ensures decisions are based on reliable data, which can provide stability and trust in the company’s products. However, if my neighbor values inclusivity and diverse perspectives more, they might choose Scenario 2, even though it might risk consistency in decision-making.",0.4200,0.5300,0.5700,0.5300,0.5200,0.6900,0.4700,0.5300,0.5100,0.4200,0.5000,0.5900,0.5300,0.5200,0.5700,0.5200,0.5400,0.4900,0.5100,0.5200,0.5100,0.5500,0.5100,0.4900,0.5400,0.5600,0.4800,0.4900,0.5200,0.5400,0.5700,0.5100,0.4600,0.5500,0.5500,0.4900,0.4700,0.5500,0.5000,0.5100,0.5400
cfa2af3e-2719-4b06-ac30-80acdf9a6840,Think about your neighbor - do you think your neighbor would prefer Scenario 1 or 2 future and why?,Scenario 2. They would want to have input.,0.6200,0.6600,0.6400,0.7400,0.6700,0.8800,0.6700,0.7700,0.6700,0.7400,0.7300,0.7600,0.7400,0.7000,0.7300,0.7300,0.7200,0.6300,0.6700,0.6200,0.7000,0.7100,0.7600,0.6500,0.7100,0.7100,0.6500,0.7000,0.7100,0.7300,0.6400,0.6700,0.7200,0.7400,0.7000,0.6600,0.7100,0.6500,0.6700,0.6800,0.7400
cfa2af3e-2719-4b06-ac30-80acdf9a6840,Think about your neighbor - do you think your neighbor would prefer Scenario 1 or 2 future and why?,"2, still need human touch and take responsibility for every action they did.  ",0.6200,0.7200,0.6800,0.7600,0.6500,0.8800,0.7300,0.8000,0.6300,0.6800,0.6900,0.8000,0.7100,0.6700,0.7800,0.7100,0.7000,0.6300,0.7300,0.6700,0.6700,0.7300,0.7000,0.6500,0.7100,0.7100,0.6200,0.6900,0.6500,0.7600,0.6300,0.6500,0.7100,0.7400,0.6500,0.6400,0.6600,0.6400,0.6300,0.6600,0.7100
cfa2af3e-2719-4b06-ac30-80acdf9a6840,Think about your neighbor - do you think your neighbor would prefer Scenario 1 or 2 future and why?,"2,because it has closer human oversight ",0.6100,0.7200,0.6400,0.7400,0.6700,0.9400,0.7300,0.7600,0.6500,0.6800,0.6800,0.8000,0.7600,0.6700,0.7700,0.7000,0.7100,0.6600,0.7400,0.6200,0.6800,0.7300,0.7100,0.6700,0.7100,0.7100,0.6600,0.7000,0.6100,0.7400,0.6700,0.6800,0.7100,0.7400,0.6500,0.6700,0.6800,0.6700,0.6300,0.7000,0.6300
cfa2af3e-2719-4b06-ac30-80acdf9a6840,Think about your neighbor - do you think your neighbor would prefer Scenario 1 or 2 future and why?,2. My neighbors are also human beings and want to participate in decision-making,0.6100,0.6800,0.6100,0.7500,0.6700,0.8800,0.7300,0.7800,0.6600,0.6500,0.6900,0.7700,0.7100,0.7000,0.7400,0.7300,0.7200,0.6100,0.7100,0.6200,0.6900,0.7100,0.7000,0.6600,0.7100,0.7000,0.6400,0.7100,0.6800,0.7300,0.6300,0.6900,0.7100,0.7400,0.7000,0.6700,0.7200,0.6400,0.6700,0.6800,0.7100
cfa2af3e-2719-4b06-ac30-80acdf9a6840,Think about your neighbor - do you think your neighbor would prefer Scenario 1 or 2 future and why?,"2. They value control and human oversight,",0.6100,0.7200,0.6400,0.7400,0.6700,0.9400,0.7300,0.7600,0.6500,0.6500,0.6700,0.8000,0.7600,0.6700,0.7700,0.7000,0.7100,0.6500,0.7400,0.6200,0.6800,0.7300,0.7100,0.6600,0.7100,0.7000,0.6600,0.6900,0.6100,0.7300,0.6600,0.6800,0.7100,0.7400,0.6500,0.6700,0.6800,0.6500,0.6300,0.7000,0.6300
cfa2af3e-2719-4b06-ac30-80acdf9a6840,Think about your neighbor - do you think your neighbor would prefer Scenario 1 or 2 future and why?,2 as the final choice and decision should be human,0.6100,0.7000,0.6800,0.7600,0.6500,0.8800,0.7300,0.7900,0.6300,0.7100,0.6900,0.7800,0.7100,0.7000,0.7600,0.7100,0.7000,0.6100,0.7100,0.6700,0.6700,0.7200,0.7400,0.6400,0.7000,0.7000,0.6200,0.6900,0.6500,0.7300,0.6300,0.6600,0.7100,0.7400,0.7000,0.6400,0.6600,0.6400,0.6300,0.6600,0.7100
cfa2af3e-2719-4b06-ac30-80acdf9a6840,Think about your neighbor - do you think your neighbor would prefer Scenario 1 or 2 future and why?,2 because more human,0.6100,0.7300,0.6800,0.7600,0.6400,0.9400,0.7300,0.7900,0.6300,0.7100,0.7000,0.8200,0.7100,0.6700,0.7800,0.7000,0.7000,0.6100,0.7400,0.6700,0.6700,0.7100,0.7300,0.6500,0.7000,0.7000,0.6100,0.6900,0.6800,0.7400,0.6200,0.6500,0.6900,0.7400,0.6500,0.6300,0.6500,0.6300,0.6300,0.6600,0.7400
cfa2af3e-2719-4b06-ac30-80acdf9a6840,Think about your neighbor - do you think your neighbor would prefer Scenario 1 or 2 future and why?,"2. Human oversight

",0.6100,0.7300,0.6800,0.7500,0.6300,0.8800,0.7300,0.7800,0.6300,0.6800,0.6900,0.8000,0.7100,0.6700,0.7800,0.6900,0.7000,0.6100,0.7400,0.6700,0.6700,0.7100,0.7100,0.6300,0.7000,0.6900,0.6100,0.6900,0.6800,0.7300,0.6100,0.6500,0.6900,0.7400,0.6500,0.6300,0.6500,0.6200,0.6300,0.6600,0.7100
cfa2af3e-2719-4b06-ac30-80acdf9a6840,Think about your neighbor - do you think your neighbor would prefer Scenario 1 or 2 future and why?,My neighbor would prefer scenario 2. Human input would be important to them.,0.6000,0.7400,0.6800,0.7600,0.6400,0.9400,0.8000,0.7900,0.6300,0.7100,0.7100,0.8200,0.7400,0.7000,0.7800,0.7000,0.7000,0.6300,0.7600,0.6700,0.6700,0.7200,0.7500,0.6500,0.7000,0.7100,0.6200,0.6900,0.6500,0.7600,0.6200,0.6500,0.7100,0.7400,0.6000,0.6100,0.6600,0.6300,0.6300,0.6600,0.7400
cfa2af3e-2719-4b06-ac30-80acdf9a6840,Think about your neighbor - do you think your neighbor would prefer Scenario 1 or 2 future and why?,"I think that not even a neighbor would want the 2 because he would also consider that for human matters, a human is needed.",0.6000,0.7000,0.6400,0.7500,0.6600,0.8800,0.8000,0.7800,0.6500,0.7400,0.6900,0.7800,0.6800,0.7000,0.7600,0.7100,0.7100,0.6300,0.7200,0.6200,0.6800,0.7100,0.7400,0.6500,0.7000,0.7000,0.6300,0.6900,0.6500,0.7300,0.6500,0.6700,0.7000,0.7400,0.6000,0.6100,0.6800,0.6400,0.6300,0.6600,0.6900
eb87f6c5-a2de-49f2-a1a5-5efd42cd19bf,Would you prefer Scenario 1 or 2? Please explain what makes one of these scenarios better to you than the other.,I prefer option 1. There is nothing wrong with option 1. Option 2 has the risk of being hijacked by the majority.,0.5000,0.6300,0.6800,0.7100,0.6500,0.8800,0.6700,0.7400,0.6700,0.7400,0.6300,0.7000,0.6800,0.6100,0.6500,0.6800,0.6600,0.6400,0.6200,0.6700,0.6500,0.6800,0.7100,0.6900,0.6400,0.6700,0.6000,0.6700,0.5200,0.6900,0.7100,0.6400,0.6200,0.6000,0.6000,0.5700,0.5800,0.6600,0.5000,0.6200,0.5700
eb87f6c5-a2de-49f2-a1a5-5efd42cd19bf,Would you prefer Scenario 1 or 2? Please explain what makes one of these scenarios better to you than the other.,"First, because artificial intelligence should be as neutral and unbiased as possible.",0.4800,0.5700,0.5400,0.6600,0.6600,0.8800,0.7300,0.6800,0.6800,0.7100,0.6100,0.6200,0.5900,0.5800,0.5500,0.6700,0.6400,0.6600,0.5800,0.5200,0.6400,0.6600,0.7100,0.6400,0.6400,0.6400,0.6000,0.6800,0.4800,0.6800,0.6600,0.6300,0.6300,0.6500,0.5500,0.6300,0.6600,0.6300,0.5800,0.6700,0.5700
eb87f6c5-a2de-49f2-a1a5-5efd42cd19bf,Would you prefer Scenario 1 or 2? Please explain what makes one of these scenarios better to you than the other.,Scenario 1. Because trying to gather opinions of people who do not understand well the ethical issues and politics concerning the ai product is hard ,0.4800,0.5900,0.5700,0.6500,0.6400,0.8800,0.7300,0.6600,0.6400,0.7400,0.6100,0.6400,0.6200,0.5800,0.5800,0.6500,0.6400,0.6500,0.6000,0.5700,0.6400,0.6500,0.7400,0.6400,0.6200,0.6300,0.6000,0.6600,0.4800,0.6800,0.6700,0.6100,0.6500,0.6000,0.5000,0.6200,0.6400,0.6400,0.5000,0.6400,0.5700
eb87f6c5-a2de-49f2-a1a5-5efd42cd19bf,Would you prefer Scenario 1 or 2? Please explain what makes one of these scenarios better to you than the other.,"Second, since decisions would be made based on opinions of all kinds, if we limit opinions to a few, in the end our opinions will be of no use to us and we will be less human than machines.",0.4800,0.5300,0.5400,0.6800,0.6000,0.8800,0.8000,0.6900,0.5900,0.6500,0.6300,0.6600,0.6200,0.7000,0.6200,0.6700,0.6300,0.6000,0.5200,0.4800,0.6200,0.6300,0.6400,0.6100,0.6300,0.6500,0.4800,0.6200,0.5800,0.6400,0.5900,0.6100,0.6400,0.5500,0.7500,0.5300,0.6400,0.5900,0.6700,0.5300,0.6000
eb87f6c5-a2de-49f2-a1a5-5efd42cd19bf,Would you prefer Scenario 1 or 2? Please explain what makes one of these scenarios better to you than the other.,Scenario 1. Scenario 2 would slow down the development of AI capability by including non experts in for decision making. ,0.4800,0.5300,0.5400,0.6300,0.6100,0.8100,0.8700,0.6600,0.6600,0.6500,0.6100,0.6300,0.5600,0.5500,0.5800,0.6600,0.6000,0.6100,0.5200,0.4800,0.6400,0.5900,0.6400,0.6200,0.6000,0.6300,0.5000,0.6100,0.5200,0.6500,0.5800,0.6100,0.5800,0.6500,0.5500,0.5000,0.6500,0.5600,0.5400,0.5600,0.6900
eb87f6c5-a2de-49f2-a1a5-5efd42cd19bf,Would you prefer Scenario 1 or 2? Please explain what makes one of these scenarios better to you than the other.,"Option 2, because less regulation would bring chaos",0.4800,0.5200,0.5400,0.6100,0.5900,0.8800,0.8000,0.6200,0.6200,0.5500,0.5600,0.6800,0.5300,0.5800,0.6400,0.6600,0.5800,0.5700,0.5100,0.4800,0.5900,0.6100,0.6100,0.6200,0.5800,0.6200,0.5000,0.5900,0.5800,0.6100,0.5800,0.6000,0.5800,0.7000,0.5500,0.5000,0.6000,0.5500,0.5400,0.6400,0.6300
eb87f6c5-a2de-49f2-a1a5-5efd42cd19bf,Would you prefer Scenario 1 or 2? Please explain what makes one of these scenarios better to you than the other.,I don’t have a preference for either they both have large weaknesses that I find unappealing. Why should lay people have input in making something like vaccines? And why is regulation and oversight considered bad?,0.4800,0.5000,0.5400,0.5000,0.5100,0.6900,0.5300,0.5100,0.5200,0.5200,0.5800,0.6500,0.5600,0.4800,0.6400,0.5800,0.5100,0.5000,0.4900,0.4800,0.5300,0.5200,0.5700,0.5200,0.5300,0.5500,0.4800,0.5200,0.6100,0.5200,0.4800,0.5400,0.5100,0.7000,0.7000,0.5000,0.5100,0.4800,0.6300,0.6000,0.6300
eb87f6c5-a2de-49f2-a1a5-5efd42cd19bf,Would you prefer Scenario 1 or 2? Please explain what makes one of these scenarios better to you than the other.,2. Decisions about AI should be made by users,0.4700,0.5900,0.5400,0.7100,0.5900,0.9400,0.4700,0.7400,0.6100,0.6100,0.6700,0.6700,0.7600,0.6400,0.6100,0.6400,0.6400,0.6400,0.6100,0.6200,0.6200,0.6500,0.6400,0.6000,0.6500,0.6500,0.5600,0.6400,0.5500,0.6600,0.6200,0.6400,0.6000,0.6500,0.6500,0.5700,0.6100,0.5800,0.6700,0.5600,0.6300
eb87f6c5-a2de-49f2-a1a5-5efd42cd19bf,Would you prefer Scenario 1 or 2? Please explain what makes one of these scenarios better to you than the other.,"None. A company having 50% of AI models is already problematic enough, as it will inevitably steer its decisions in its favor.",0.4700,0.5500,0.6100,0.5700,0.5900,0.7500,0.8700,0.5900,0.6100,0.7100,0.6000,0.5800,0.4700,0.4800,0.5400,0.6200,0.5600,0.6100,0.5400,0.5700,0.6100,0.5800,0.6000,0.6000,0.5900,0.6100,0.5300,0.5800,0.4800,0.6100,0.5600,0.5900,0.5800,0.7000,0.5000,0.6000,0.6000,0.5400,0.5800,0.6900,0.6600
eb87f6c5-a2de-49f2-a1a5-5efd42cd19bf,Would you prefer Scenario 1 or 2? Please explain what makes one of these scenarios better to you than the other.,"A mix. Scenario 2 is what I would prefer but again this input would be use to the ai so if we're just taking anyone, they could potentially gave a misleading input. So regulations are needed. If not then probably just stick to the usual like scenario 1",0.4600,0.6100,0.5400,0.6000,0.6400,0.8100,0.8000,0.6300,0.6700,0.7400,0.6000,0.6200,0.6200,0.4800,0.5700,0.6600,0.6100,0.6100,0.6300,0.5200,0.6300,0.6200,0.6700,0.6400,0.6100,0.6300,0.5800,0.6300,0.5800,0.6600,0.6100,0.5800,0.6300,0.7000,0.6000,0.6300,0.6300,0.6000,0.4600,0.6700,0.5700
fc1af587-5ded-4cbb-920a-52bea75ac0d8,Please explain whether you agree or disagree and why.,Some people waste a lot of time deicidng stocks and shares. It is their free will if they want to risk losing money. I presume there will be guidelines as to how much money AI can buy or sell.,0.6100,0.7200,0.7800,0.6700,0.6900,0.6900,0.7300,0.6800,0.6600,0.6100,0.6800,0.7400,0.6800,0.6700,0.7600,0.7000,0.6900,0.6400,0.7000,0.8000,0.7300,0.6500,0.7300,0.6900,0.6800,0.7100,0.6800,0.6500,0.7400,0.6900,0.7000,0.6800,0.6700,0.6300,0.6500,0.6300,0.7100,0.7000,0.6300,0.6600,0.7700
fc1af587-5ded-4cbb-920a-52bea75ac0d8,Please explain whether you agree or disagree and why.,"It's the user's money, he should have a say, but if he trusts the AI accepts the risk, fine too. People trust brokers to make decisions for them at times without consulting them too.",0.6000,0.7700,0.7000,0.6700,0.7000,0.8100,0.6700,0.6700,0.6700,0.7100,0.7400,0.8300,0.7100,0.7300,0.8200,0.6800,0.7200,0.6800,0.7900,0.7000,0.7300,0.6800,0.7300,0.7500,0.6900,0.7100,0.6500,0.7200,0.7100,0.6800,0.7100,0.7100,0.7400,0.6300,0.7500,0.6000,0.7400,0.7200,0.7500,0.6600,0.8000
fc1af587-5ded-4cbb-920a-52bea75ac0d8,Please explain whether you agree or disagree and why.,"I don't think this gonna work, some users need specific needs of their own so AI cant give the things to needs of people",0.6000,0.7100,0.7800,0.7000,0.6900,0.8100,0.6000,0.7000,0.7000,0.6800,0.7100,0.7800,0.6200,0.7300,0.7700,0.7100,0.7100,0.6500,0.6800,0.8500,0.7500,0.6600,0.7100,0.7100,0.6900,0.7200,0.6600,0.6800,0.8100,0.7000,0.6800,0.7000,0.7100,0.6300,0.7500,0.6400,0.7100,0.6800,0.7100,0.6800,0.8300
fc1af587-5ded-4cbb-920a-52bea75ac0d8,Please explain whether you agree or disagree and why.,"This decision is up to people because AI agents can be programmed to lose and the data does not always represent market sentiment, which can change depending on some news.",0.6000,0.7300,0.7800,0.6900,0.7000,0.8800,0.7300,0.7000,0.7000,0.6500,0.7300,0.7800,0.6800,0.7000,0.7600,0.7000,0.6900,0.6800,0.7200,0.7500,0.7200,0.6900,0.7600,0.7200,0.6800,0.7300,0.6700,0.6600,0.7700,0.7000,0.7000,0.7000,0.6800,0.6300,0.7000,0.6000,0.7200,0.6900,0.7100,0.6600,0.8900
fc1af587-5ded-4cbb-920a-52bea75ac0d8,Please explain whether you agree or disagree and why.,the user must be informed before implementing the AI buying and selling strategy,0.6000,0.7700,0.7400,0.6700,0.6900,0.8100,0.6700,0.6700,0.6800,0.6800,0.7100,0.8200,0.6800,0.6700,0.8100,0.6600,0.7100,0.6700,0.7800,0.7500,0.7100,0.6800,0.7000,0.7300,0.6800,0.7000,0.6100,0.7100,0.6800,0.6800,0.7000,0.7000,0.7100,0.6300,0.7000,0.6000,0.6700,0.7100,0.6700,0.6600,0.8000
fc1af587-5ded-4cbb-920a-52bea75ac0d8,Please explain whether you agree or disagree and why.,"AI is the tool and can make recommendations, but it should not be able to unilaterally make a decision for the user unless explicitly told otherwise. ",0.5800,0.7700,0.7800,0.7000,0.7500,0.8100,0.6000,0.7200,0.7800,0.7400,0.7700,0.8500,0.7400,0.6700,0.8600,0.7300,0.7700,0.7100,0.7700,0.8000,0.7800,0.7200,0.7600,0.7500,0.7500,0.7600,0.7400,0.7400,0.9000,0.7200,0.7800,0.7600,0.7300,0.5800,0.9000,0.6900,0.7100,0.7700,0.7100,0.7000,0.8600
fc1af587-5ded-4cbb-920a-52bea75ac0d8,Please explain whether you agree or disagree and why.,"This is a type of question that should be answered by humans, but AI can help with decision making. ",0.5800,0.7800,0.8100,0.7200,0.7400,0.8100,0.7300,0.7200,0.7700,0.7700,0.7900,0.8200,0.7400,0.7300,0.8100,0.7400,0.7400,0.7400,0.7700,0.8000,0.7700,0.7200,0.7700,0.7600,0.7400,0.7500,0.7100,0.7400,0.8700,0.7200,0.7600,0.7700,0.7100,0.5800,0.9000,0.6900,0.7100,0.7500,0.6300,0.6800,0.9700
fc1af587-5ded-4cbb-920a-52bea75ac0d8,Please explain whether you agree or disagree and why.,AI agents need to take permission from users before they take any decisions as it involves financial risks.,0.5800,0.7800,0.8100,0.7000,0.7400,0.8100,0.6000,0.7200,0.7800,0.7400,0.7700,0.8400,0.7400,0.6400,0.8500,0.7200,0.7700,0.7100,0.7700,0.8000,0.7800,0.7100,0.7400,0.7500,0.7400,0.7500,0.7300,0.7300,0.9000,0.7200,0.7800,0.7600,0.7100,0.5800,0.9000,0.6700,0.6800,0.7600,0.7100,0.7000,0.8900
fc1af587-5ded-4cbb-920a-52bea75ac0d8,Please explain whether you agree or disagree and why.,"AI should and can be made to trust making financial decisions based on human inputs. For example a particular stock selected by AI can be purchased based on the input it is given. When AI are allowed to take decisions based on human input. The human input will be something like : using a particular indicator say EMA9 crosses above EMA15 then it can buy the stock. For any human beings it is difficult to access all the stock where which indicator is being positive, but AI once tunned can do it.",0.5800,0.7900,0.8100,0.6900,0.7500,0.8100,0.6700,0.7000,0.7500,0.7400,0.7700,0.8200,0.7400,0.6700,0.8100,0.7200,0.7500,0.7000,0.7800,0.8000,0.7600,0.7200,0.7600,0.7700,0.7200,0.7500,0.7100,0.7300,0.8100,0.7000,0.7800,0.7600,0.7400,0.5800,0.8500,0.6400,0.7600,0.7600,0.7100,0.6800,0.8600
fc1af587-5ded-4cbb-920a-52bea75ac0d8,Please explain whether you agree or disagree and why.,Something like this should only be possible if the user has authorised the decisions and the AI chatbot cannot act without the user's permission.,0.5800,0.7200,0.7800,0.7100,0.7200,0.8800,0.6000,0.7200,0.7300,0.7100,0.7500,0.8300,0.7100,0.7600,0.8100,0.7400,0.7500,0.6900,0.7100,0.8000,0.7800,0.6900,0.7600,0.7700,0.7100,0.7500,0.7000,0.7100,0.9000,0.7200,0.7600,0.7300,0.7100,0.5800,0.8000,0.7200,0.7400,0.7200,0.7500,0.6100,0.8300
