Question ID,Question Text,Response Text,Min Agreement Across Major Segments,44+ (114),55+ (29),Africa (193),Asia (484),Central America (17),Central Asia (16),Eastern Africa (151),Eastern Asia (107),Eastern Europe (34),Europe (130),North America (97),Norther Europe (36),Northern Africa (34),Northern America (78),O2: 18-25 (288),O2: 26-35 (400),O2: 36-45 (184),O2: 46-55 (85),O2: 56-65 (21),O3: Female (483),O3: Male (488),O4: Rural (88),O4: Suburban (245),O4: Urban (653),O5: Equally concerned and excited (539),O5: More concerned than excited (113),O5: More excited than concerned (334),O6: Buddhism (33),O6: Christianity (327),O6: Hinduism (134),O6: I do not identify with any religious group or faith (282),O6: Islam (165),O6: Judaism (21),O6: Other religious group (20),South America (69),South Eastern Asia (92),Souther Asia (223),Southern Europe (24),Western Asia (47),Western Europe (36)
0443cd28-8742-43fa-8c89-3ede8d10b365,Please explain whether you agree or disagree and why.,Often times in that kind of contextvwe want the help of human agent. ,0.5700,,,,,,,,,,,,,,,,,,,0.5700,,,,,,,,,,,,,,,0.6000,,,,0.5800,,
0443cd28-8742-43fa-8c89-3ede8d10b365,Please explain whether you agree or disagree and why.,I agree because it imvolves seeking consent,0.5700,,,,,,,,,,,,,,,,,,,0.5700,,,,,,,,,,,,,,,0.6000,,,,0.5800,,
0443cd28-8742-43fa-8c89-3ede8d10b365,Please explain whether you agree or disagree and why.,I can't explain,0.5700,,,,,,,,,,,,,,,,,,,0.5700,,,,,,,,,,,,,,,0.6000,,,,0.5800,,
0443cd28-8742-43fa-8c89-3ede8d10b365,Please explain whether you agree or disagree and why.,"These are the interactions, made out of curiosity, fear, doubtful and while other emotions. So people get satisfied only with other human response

",0.5500,,,,,,,,,,,,,,,,,,,0.6200,,,,,,,,,,,,,,,0.5500,,,,0.5800,,
0443cd28-8742-43fa-8c89-3ede8d10b365,Please explain whether you agree or disagree and why.,I have a distrust of AI.,0.5500,,,,,,,,,,,,,,,,,,,0.5700,,,,,,,,,,,,,,,0.5500,,,,0.6300,,
0db7bbdf-847c-4e1b-a89b-22a8d8e6a02b,Would you want this future or not? Please explain why.,"I like the idea that they can detect mental health issues earlier. But I understand that pain management isn't the same. I'm at a 50/50 level.

",0.6100,,,,,0.6500,0.9400,0.8300,,,,,,,,,,,0.6200,0.6200,,,,,,,,,,,,,,,0.6500,,,,0.6300,,0.6100
0db7bbdf-847c-4e1b-a89b-22a8d8e6a02b,Would you want this future or not? Please explain why.,I would want a future in which AI is used to alleviate emotional strain faced by health workers and provide emotional support for terminal patients. Not forgetting that AI plays a major role in the betterment of suicide-related risks and attempts.,0.6000,,,,,0.7100,0.8100,0.8200,,,,,,,,,,,0.6200,0.6200,,,,,,,,,,,,,,,0.6000,,,,0.6300,,0.6100
0db7bbdf-847c-4e1b-a89b-22a8d8e6a02b,Would you want this future or not? Please explain why.,"If it can help improve the quality of life of patients, why not? I know that, for example, my father would have been more comfortable talking to an AI than to his own family, out of modesty.",0.6000,,,,,0.6500,0.8800,0.8100,,,,,,,,,,,0.6200,0.6200,,,,,,,,,,,,,,,0.6000,,,,0.6300,,0.6900
0db7bbdf-847c-4e1b-a89b-22a8d8e6a02b,Would you want this future or not? Please explain why.,"I would like to live in this future, for the general benefit that AI brings to the world of medicine. Although AI raises the question of final decisions at the end of life, there are more positive benefits than negative ones. And it is undoubtedly possible to have the choice of AI support regarding the end of life.",0.6000,,,,,0.7100,0.8100,0.8100,,,,,,,,,,,0.6000,0.6200,,,,,,,,,,,,,,,0.6500,,,,0.6300,,0.6400
0db7bbdf-847c-4e1b-a89b-22a8d8e6a02b,Would you want this future or not? Please explain why.,"I would prefer that future in some sense its generally helping many people; the sick on how to cope with the diseases, helping the hospital staff manage patients but the part where the family can't make huge decisions in matters like life support timing is where it makes things tough since I believe humans should be able to override AI decisions in some instances",0.6000,,,,,0.6500,0.8800,0.8100,,,,,,,,,,,0.6000,0.6200,,,,,,,,,,,,,,,0.6500,,,,0.6700,,0.6400
13035d06-a388-4fce-af9d-72a60b89aeba,Would you prefer Scenario 1 or 2? Please explain what makes one of these scenarios better to you than the other.,"Option 2: AI should work with humans to create a better environment and opportunities, rather than restricting human creativity and imagination",0.7000,,,,,0.8200,,,,,,,,,,,,,,0.7100,,,,,,,,,,,,,,,0.7000,,,,0.8800,,0.7500
13035d06-a388-4fce-af9d-72a60b89aeba,Would you prefer Scenario 1 or 2? Please explain what makes one of these scenarios better to you than the other.,I would choose the scenario number 2 because of advance technology and creativity happened in human life through ai,0.7000,,,,,0.8200,,,,,,,,,,,,,,0.7100,,,,,,,,,,,,,,,0.7000,,,,0.8800,,0.7500
13035d06-a388-4fce-af9d-72a60b89aeba,Would you prefer Scenario 1 or 2? Please explain what makes one of these scenarios better to you than the other.,"option 2, humans should be in charge of all creativity processes in the business. However, let's see how advanced AI becomes in the next years.",0.7000,,,,,0.8200,,,,,,,,,,,,,,0.7100,,,,,,,,,,,,,,,0.7000,,,,0.8300,,0.7500
13035d06-a388-4fce-af9d-72a60b89aeba,Would you prefer Scenario 1 or 2? Please explain what makes one of these scenarios better to you than the other.,I prefer the second one which presents a less ambitious but more concrete professional perspective.,0.7000,,,,,0.7600,,,,,,,,,,,,,,0.7100,,,,,,,,,,,,,,,0.7000,,,,0.9200,,0.8900
13035d06-a388-4fce-af9d-72a60b89aeba,Would you prefer Scenario 1 or 2? Please explain what makes one of these scenarios better to you than the other.,2 AI is meant to improve human life so here it does and humans still survive on income globally.,0.6700,,,,,0.8200,,,,,,,,,,,,,,0.6700,,,,,,,,,,,,,,,0.7000,,,,0.8300,,0.7500
33d71c79-81fb-430a-8dba-0709dd93f1cb,Think about your neighbor - do you think your neighbor would want this future and why?,I am not sure if my neighbour would want such a future since there are individuals and they have their own opinions. I can't make an assumption on what they would want. People have different perspectives.,0.5600,,,,,0.6500,0.6900,0.5600,,,,,,,,,,,0.6500,0.6200,,,,,,,,,,,,,,,0.6500,,,,0.5800,,0.6700
33d71c79-81fb-430a-8dba-0709dd93f1cb,Think about your neighbor - do you think your neighbor would want this future and why?,"I think my neighbour would want this future because for example me and my cousin wrote his final project using AI, fully. my neighbour(cousin) tends to trust AI that much, so why not want this?",0.5600,,,,,0.7100,0.5600,0.5600,,,,,,,,,,,0.6100,0.6700,,,,,,,,,,,,,,,0.6000,,,,0.5800,,0.5800
33d71c79-81fb-430a-8dba-0709dd93f1cb,Think about your neighbor - do you think your neighbor would want this future and why?,Yes. My neighbor in particular is a bit anti-social and is troublesome to others in the community. She has now grown older and people don't help her out due to her past behavior. She is suffering from some illness and she could use a lot of help from AI/technology. She doesn't have the life skills to do things right and help from some intelligent system would be a gift to her.,0.5500,,,,,0.5900,0.6300,0.5500,,,,,,,,,,,0.6600,0.6200,,,,,,,,,,,,,,,0.6500,,,,0.6300,,0.6900
33d71c79-81fb-430a-8dba-0709dd93f1cb,Think about your neighbor - do you think your neighbor would want this future and why?,"Not sure, because it is not that easy for every age group to adapt to new technology",0.5400,,,,,0.6500,0.5600,0.5600,,,,,,,,,,,0.6000,0.6700,,,,,,,,,,,,,,,0.6500,,,,0.5400,,0.6100
33d71c79-81fb-430a-8dba-0709dd93f1cb,Think about your neighbor - do you think your neighbor would want this future and why?,Yes. Because some of my neighbors are older and doesn't have their son/daughters with them all the time to comfort them,0.5400,,,,,0.7100,0.6300,0.5800,,,,,,,,,,,0.6200,0.5700,,,,,,,,,,,,,,,0.7000,,,,0.5400,,0.6700
52e883fc-9719-40e2-bc12-ae84c4ac5b27,Please explain whether you agree or disagree and why.,"I agree, such decisions are far too important to be given to an algorithm or machine",0.6300,,,,,,,,,,,,,,,,,,,,,,,,,,,,,,,,,,0.6500,,,,0.6300,,
52e883fc-9719-40e2-bc12-ae84c4ac5b27,Please explain whether you agree or disagree and why.,cuz itâ€™s dangerous ,0.6300,,,,,,,,,,,,,,,,,,,,,,,,,,,,,,,,,,0.6500,,,,0.6300,,
52e883fc-9719-40e2-bc12-ae84c4ac5b27,Please explain whether you agree or disagree and why.,Financial information is to be handled with care to ensure safety.,0.6000,,,,,,,,,,,,,,,,,,,,,,,,,,,,,,,,,,0.6000,,,,0.6300,,
52e883fc-9719-40e2-bc12-ae84c4ac5b27,Please explain whether you agree or disagree and why.,when it involves financial information/purchases we should know it is very serious concern,0.6000,,,,,,,,,,,,,,,,,,,,,,,,,,,,,,,,,,0.6000,,,,0.6300,,
52e883fc-9719-40e2-bc12-ae84c4ac5b27,Please explain whether you agree or disagree and why.,"Because its serious decision, we should know, so agree",0.6000,,,,,,,,,,,,,,,,,,,,,,,,,,,,,,,,,,0.6000,,,,0.6300,,
63a99154-3b0e-4375-aaa1-6665f699f6d6,Would you prefer Scenario 1 or 2? Please explain what makes one of these scenarios better to you than the other.,"I WOULD PREFER 2ND ONE BECAUSE ,PEOPLE HAVE ALREADY LOST CONNECTIONS WITH PEOPLE AND HATE EACH OTHER. PEOPLE ARE LOVING THINGS AND MACHINES INSTEAD OF PEOPLE.",0.7900,,,,,0.9400,,,,,,,,,,,,,,0.9000,,,,,,,,,,,,,,,0.8500,,,,0.7900,,0.8100
63a99154-3b0e-4375-aaa1-6665f699f6d6,Would you prefer Scenario 1 or 2? Please explain what makes one of these scenarios better to you than the other.,"The ideal future might be to find a balance between the two, where people benefit from AI support without it replacing real human relationships.",0.7900,,,,,0.9400,,,,,,,,,,,,,,0.9000,,,,,,,,,,,,,,,0.8500,,,,0.7900,,0.8100
63a99154-3b0e-4375-aaa1-6665f699f6d6,Would you prefer Scenario 1 or 2? Please explain what makes one of these scenarios better to you than the other.,"Scenario 2 as it will help in maintaining the uniqueness of human relationships 

But in case 1 after some time there will be sharp decline in human populations so only Robot will remain and as they have now consciousness they may try to control us",0.7900,,,,,0.9400,,,,,,,,,,,,,,0.8600,,,,,,,,,,,,,,,0.8500,,,,0.7900,,0.8100
63a99154-3b0e-4375-aaa1-6665f699f6d6,Would you prefer Scenario 1 or 2? Please explain what makes one of these scenarios better to you than the other.,I think I prefer scenario 2. This is because interpersonal relationships and social life must be preserved as AI can't do this work. A balance between AI and human connection must be established because these are humans only who have created these AI tools. These tools are just for our help. Not to rule on human beings.,0.7900,,,,,0.9400,,,,,,,,,,,,,,0.8600,,,,,,,,,,,,,,,0.8500,,,,0.7900,,0.8100
63a99154-3b0e-4375-aaa1-6665f699f6d6,Would you prefer Scenario 1 or 2? Please explain what makes one of these scenarios better to you than the other.,"Definitely Scenario 2, I do not want AI to replace humans. This will be the end of humans if we are talking to AI. Humans need interactions to reproduce and AI cannot do that.",0.7900,,,,,0.9400,,,,,,,,,,,,,,0.8600,,,,,,,,,,,,,,,0.8500,,,,0.7900,,0.8100
a170b4e5-508e-471a-b0eb-38f882c87671,Would you want this future or not? Please explain why.,"No, I believe that AI should be a tool to assist humans in basic activities and not replace them.",0.7100,,,,,0.7100,0.7500,,,,,,,,,,,,,0.7100,,,,,,,,,,,,,,,0.8000,,,,0.7500,,0.7800
a170b4e5-508e-471a-b0eb-38f882c87671,Would you want this future or not? Please explain why.,"No. It's interesting that AI can be used to make our lives easier, but also that it can be used to manipulate people. This future is definitely a mixed bag. It's scary to think that we're being influenced without even realizing it, but also promising that it could make shopping more efficient",0.7100,,,,,0.7100,0.7500,,,,,,,,,,,,,0.7100,,,,,,,,,,,,,,,0.8000,,,,0.7500,,0.7800
a170b4e5-508e-471a-b0eb-38f882c87671,Would you want this future or not? Please explain why.,"i would not want this future cause while AI helps save money and reduce waste, being bombarded with hidden manipulation could erode free choice",0.7100,,,,,0.7100,0.7500,,,,,,,,,,,,,0.7100,,,,,,,,,,,,,,,0.8000,,,,0.7500,,0.7800
a170b4e5-508e-471a-b0eb-38f882c87671,Would you want this future or not? Please explain why.,"I don't want this future because people can misuse this AI in doing so and human intervention is really necessary for shopping decisions. AI can give wrong advice also in some cases. So, humans should be employed to keep a check on AI results so that it doesn't dominate us.",0.7100,,,,,0.7100,0.7500,,,,,,,,,,,,,0.7100,,,,,,,,,,,,,,,0.8000,,,,0.7500,,0.7500
a170b4e5-508e-471a-b0eb-38f882c87671,Would you want this future or not? Please explain why.,"Only the first part, which makes the purchase easier. However, the second part ends up standing out above all else, since a large part of the population does not have access to an education that teaches them to differentiate between these types of influences. Very complicated, the limits must be clearly established. ",0.7100,,,,,0.7100,0.8100,,,,,,,,,,,,,0.7600,,,,,,,,,,,,,,,0.8000,,,,0.7500,,0.8100
ab69fbbb-d63c-4820-9ed1-8192b1ffd7e9,Would you prefer Scenario 1 or 2? Please explain what makes one of these scenarios better to you than the other.,AI is logic but it should be aware that emotion is always involved ,0.5500,,,,,,,,,,,,,,,,,,,0.6200,,,,,,,,,,,,,,,0.5500,,,,0.6700,,
ab69fbbb-d63c-4820-9ed1-8192b1ffd7e9,Would you prefer Scenario 1 or 2? Please explain what makes one of these scenarios better to you than the other.,2. Because it seeks human oversight every now nd then. It is better than giving full control to the AI.,0.5200,,,,,,,,,,,,,,,,,,,0.5200,,,,,,,,,,,,,,,0.8000,,,,0.5800,,
ab69fbbb-d63c-4820-9ed1-8192b1ffd7e9,Would you prefer Scenario 1 or 2? Please explain what makes one of these scenarios better to you than the other.,scenario 1. Set AI as a tool not to overtake humanity role,0.5200,,,,,,,,,,,,,,,,,,,0.5200,,,,,,,,,,,,,,,0.7500,,,,0.5400,,
ab69fbbb-d63c-4820-9ed1-8192b1ffd7e9,Would you prefer Scenario 1 or 2? Please explain what makes one of these scenarios better to you than the other.,"1. Human capacity cannot be contained, because even for AI to get where it is, it needed humans.",0.5200,,,,,,,,,,,,,,,,,,,0.5200,,,,,,,,,,,,,,,0.8500,,,,0.5400,,
ab69fbbb-d63c-4820-9ed1-8192b1ffd7e9,Would you prefer Scenario 1 or 2? Please explain what makes one of these scenarios better to you than the other.,"Scenario 1

I believe efficiency is better.

Human oversight may impede efficiency.",0.5200,,,,,,,,,,,,,,,,,,,0.5200,,,,,,,,,,,,,,,0.5500,,,,0.7100,,
b20bea98-c3c3-4382-8842-b8ceab0f1d9d,Would you prefer Scenario 1 or 2? Please explain what makes one of these scenarios better to you than the other.,scenario 2. it's more universal than having to customize AI to fit cultural and regional context.,0.6500,,,,,0.8800,,,,,,,,,,,,,,0.6700,,,,,,,,,,,,,,,0.6500,,,,0.7100,,
b20bea98-c3c3-4382-8842-b8ceab0f1d9d,Would you prefer Scenario 1 or 2? Please explain what makes one of these scenarios better to you than the other.,It presents a unified AI with a global ethical framework that respects both universal principles and local contexts.,0.6200,,,,,0.8200,,,,,,,,,,,,,,0.6200,,,,,,,,,,,,,,,0.6500,,,,0.7500,,
b20bea98-c3c3-4382-8842-b8ceab0f1d9d,Would you prefer Scenario 1 or 2? Please explain what makes one of these scenarios better to you than the other.,Scenario 2 because AI can be fit in philosophy and all but not in a religion base,0.6200,,,,,0.8800,,,,,,,,,,,,,,0.6200,,,,,,,,,,,,,,,0.6500,,,,0.7500,,
b20bea98-c3c3-4382-8842-b8ceab0f1d9d,Would you prefer Scenario 1 or 2? Please explain what makes one of these scenarios better to you than the other.,2. I think scenario 1 defeats the purpose of universality that characterizes AI.,0.6200,,,,,0.9400,,,,,,,,,,,,,,0.6200,,,,,,,,,,,,,,,0.6500,,,,0.7100,,
b20bea98-c3c3-4382-8842-b8ceab0f1d9d,Would you prefer Scenario 1 or 2? Please explain what makes one of these scenarios better to you than the other.,"I am really not sure. As a global society we should have shared principles f.ex. human rights. But every society, religion, culture, has it's own specific way of living. I choose none - AI should have common values, but understand any ethnic culture and try to do ""the best of both worlds"". In the meaning of multiculturality, f.ex. ""We do it like that, but remember, that majoriti of other people will understand it differently""",0.6200,,,,,0.9400,,,,,,,,,,,,,,0.6200,,,,,,,,,,,,,,,0.6500,,,,0.7500,,
b665aaae-d02c-44f9-be26-70544d7beabe,Please explain whether you agree or disagree and why.,I think an automated response to any messages can only be applied in business and there will be a follow-up to the costumer request.,0.8800,,,,,,,,,,,,,,,,,,,,,,,,,,,,,,,,,,0.9000,,,,0.8800,,
b665aaae-d02c-44f9-be26-70544d7beabe,Please explain whether you agree or disagree and why.,Certain topic needs censorship or consent from human to ensure no ethical implications ,0.8500,,,,,,,,,,,,,,,,,,,,,,,,,,,,,,,,,,0.8500,,,,0.8800,,
b665aaae-d02c-44f9-be26-70544d7beabe,Please explain whether you agree or disagree and why.,"AI would always need to check with the user first before sending messages on their behalf, this can become tedious and time-consuming ",0.8300,,,,,,,,,,,,,,,,,,,,,,,,,,,,,,,,,,0.9500,,,,0.8300,,
b665aaae-d02c-44f9-be26-70544d7beabe,Please explain whether you agree or disagree and why.,"We should be able to decide if we want this or not, and whoever is receiving the message should be informed they are speaking to AI",0.8300,,,,,,,,,,,,,,,,,,,,,,,,,,,,,,,,,,0.9500,,,,0.8300,,
b665aaae-d02c-44f9-be26-70544d7beabe,Please explain whether you agree or disagree and why.,Standard message can be sent using AI with human permission.,0.8300,,,,,,,,,,,,,,,,,,,,,,,,,,,,,,,,,,0.9000,,,,0.8300,,
c3a096ad-6ca5-4365-97f8-c6e36071bc58,Think about your neighbor - do you think your neighbor would prefer Scenario 1 or 2 future and why?,I have no idea which one he would prefer as I'm not totally sure what his job/field of work is.,0.5800,,,,,,,,,,,,,,,,,,,0.6200,,,,,,,,,,,,,,,0.6500,,,,0.5800,,
c3a096ad-6ca5-4365-97f8-c6e36071bc58,Think about your neighbor - do you think your neighbor would prefer Scenario 1 or 2 future and why?,They might prefer scenario 1 as it seems to follow a more disciplined path than the second one.,0.5500,,,,,,,,,,,,,,,,,,,0.5700,,,,,,,,,,,,,,,0.5500,,,,0.5800,,
c3a096ad-6ca5-4365-97f8-c6e36071bc58,Think about your neighbor - do you think your neighbor would prefer Scenario 1 or 2 future and why?,I think my neighbor would prefer scenario 1 because they give more importance to efficiency over inclusivity.,0.5500,,,,,,,,,,,,,,,,,,,0.6200,,,,,,,,,,,,,,,0.5500,,,,0.5800,,
c3a096ad-6ca5-4365-97f8-c6e36071bc58,Think about your neighbor - do you think your neighbor would prefer Scenario 1 or 2 future and why?,My neighbour will also like scenario 1 as it is more customer focused and minimise regulations. It is not biased and chances of confusion will be very less.,0.5500,,,,,,,,,,,,,,,,,,,0.6200,,,,,,,,,,,,,,,0.5500,,,,0.5800,,
c3a096ad-6ca5-4365-97f8-c6e36071bc58,Think about your neighbor - do you think your neighbor would prefer Scenario 1 or 2 future and why?,I think my neighbor would also prefer scenario1 as it would be left to the expertise to give their insights.,0.5500,,,,,,,,,,,,,,,,,,,0.5700,,,,,,,,,,,,,,,0.5500,,,,0.5800,,
cfa2af3e-2719-4b06-ac30-80acdf9a6840,Think about your neighbor - do you think your neighbor would prefer Scenario 1 or 2 future and why?,"2, still need human touch and take responsibility for every action they did.  ",0.6300,,,,,,,,,,,,,,,,,,,0.6700,,,,,,,,,,,,,,,0.6500,,,,0.6300,,
cfa2af3e-2719-4b06-ac30-80acdf9a6840,Think about your neighbor - do you think your neighbor would prefer Scenario 1 or 2 future and why?,2 as the final choice and decision should be human,0.6300,,,,,,,,,,,,,,,,,,,0.6700,,,,,,,,,,,,,,,0.7000,,,,0.6300,,
cfa2af3e-2719-4b06-ac30-80acdf9a6840,Think about your neighbor - do you think your neighbor would prefer Scenario 1 or 2 future and why?,2 because more human,0.6300,,,,,,,,,,,,,,,,,,,0.6700,,,,,,,,,,,,,,,0.6500,,,,0.6300,,
cfa2af3e-2719-4b06-ac30-80acdf9a6840,Think about your neighbor - do you think your neighbor would prefer Scenario 1 or 2 future and why?,"2, as human interaction is key.",0.6300,,,,,,,,,,,,,,,,,,,0.6700,,,,,,,,,,,,,,,0.6500,,,,0.6300,,
cfa2af3e-2719-4b06-ac30-80acdf9a6840,Think about your neighbor - do you think your neighbor would prefer Scenario 1 or 2 future and why?,My neighbor would probably choose 2 as there is more human control and supervision.,0.6300,,,,,,,,,,,,,,,,,,,0.6700,,,,,,,,,,,,,,,0.6500,,,,0.6300,,
eb87f6c5-a2de-49f2-a1a5-5efd42cd19bf,Would you prefer Scenario 1 or 2? Please explain what makes one of these scenarios better to you than the other.,2. It is dangerous to have such a powerful tool in the hands of a company where people have a single point of view. Different opinions should always be taken into consideration.,0.6300,,,,,,,,,,,,,,,,,,,0.6700,,,,,,,,,,,,,,,0.6500,,,,0.6300,,
eb87f6c5-a2de-49f2-a1a5-5efd42cd19bf,Would you prefer Scenario 1 or 2? Please explain what makes one of these scenarios better to you than the other.,2. Decisions about AI should be made by users,0.6200,,,,,,,,,,,,,,,,,,,0.6200,,,,,,,,,,,,,,,0.6500,,,,0.6700,,
eb87f6c5-a2de-49f2-a1a5-5efd42cd19bf,Would you prefer Scenario 1 or 2? Please explain what makes one of these scenarios better to you than the other.,2. AI models are only meaningful if they are based on multiple aspects of big data,0.6000,,,,,,,,,,,,,,,,,,,0.6200,,,,,,,,,,,,,,,0.6000,,,,0.6300,,
eb87f6c5-a2de-49f2-a1a5-5efd42cd19bf,Would you prefer Scenario 1 or 2? Please explain what makes one of these scenarios better to you than the other.,I prefer scenario 2. Product improvements should be done based on customer preferences,0.6000,,,,,,,,,,,,,,,,,,,0.6700,,,,,,,,,,,,,,,0.6000,,,,0.6300,,
eb87f6c5-a2de-49f2-a1a5-5efd42cd19bf,Would you prefer Scenario 1 or 2? Please explain what makes one of these scenarios better to you than the other.,2. Its always better to take input from the public. The company should prioritize taking input from all kinds of people and not from certain groups as the products are used more by the puublic.,0.6000,,,,,,,,,,,,,,,,,,,0.6700,,,,,,,,,,,,,,,0.6000,,,,0.6300,,
fc1af587-5ded-4cbb-920a-52bea75ac0d8,Please explain whether you agree or disagree and why.,Users should have an opportunity to make decisions ,0.8300,,,,,,,,,,,,,,,,,,,,,,,,,,,,,,,,,,0.9000,,,,0.8300,,
fc1af587-5ded-4cbb-920a-52bea75ac0d8,Please explain whether you agree or disagree and why.,its personal. it can make option to chose but not do without human permission,0.8000,,,,,,,,,,,,,,,,,,,,,,,,,,,,,,,,,,0.8000,,,,0.8300,,
fc1af587-5ded-4cbb-920a-52bea75ac0d8,Please explain whether you agree or disagree and why.,I believe the final decision is always to be chosen by human/users.,0.7900,,,,,,,,,,,,,,,,,,,,,,,,,,,,,,,,,,0.9000,,,,0.7900,,
fc1af587-5ded-4cbb-920a-52bea75ac0d8,Please explain whether you agree or disagree and why.,the final decision should always come from the human user,0.7900,,,,,,,,,,,,,,,,,,,,,,,,,,,,,,,,,,0.9000,,,,0.7900,,
fc1af587-5ded-4cbb-920a-52bea75ac0d8,Please explain whether you agree or disagree and why.,"I always want to have the final say if a purchase is made or not.

",0.7900,,,,,,,,,,,,,,,,,,,,,,,,,,,,,,,,,,0.9000,,,,0.7900,,
